leaf,item,category,answer_type,field_type,flagged,bucket,bucket_nowords,pairs,flips,maj_n,maj_ok,disp,failure
post_money_valuation,1491419_000121390022046600,priced_equity,numeric,number,0,stated,stated,12,0,12,12,0.0,
post_money_valuation,1529113_000121390024057583,priced_equity,numeric,number,0,stated,stated,12,0,12,10,0.0,
post_money_valuation,1368365_000136836520000062,priced_equity,numeric,number,0,stated,stated,12,2,12,11,0.19999999999999996,
post_money_valuation,1089872_000095017025106543,priced_equity,numeric,number,0,stated,stated,12,0,12,11,0.0,
pre_vs_post_money,0001193125-14-335661_d770501dex1024,priced_equity,binary,enum,0,undecidable,undecidable,12,2,12,11,0.20526315789473681,
pre_vs_post_money,0000950123-10-024887_d70440a2exv3w3,priced_equity,binary,enum,0,undecidable,undecidable,12,2,12,11,0.55,
pre_vs_post_money,0001047469-04-038327_filename35,priced_equity,binary,enum,0,undecidable,undecidable,12,1,12,10,0.33333333333333337,
pre_vs_post_money,0001140361-23-024212_ny20009051x2_8k,priced_equity,binary,enum,0,undecidable,undecidable,12,3,12,10,0.3052631578947369,
pre_vs_post_money,0000912057-19-000378_filename29,priced_equity,binary,enum,0,undecidable,undecidable,12,1,12,10,0.35,
pre_vs_post_money,0000950123-14-012213_filename17,priced_equity,binary,enum,0,undecidable,undecidable,12,2,12,12,0.9736842105263158,
pre_vs_post_money,0001144204-10-046527_v195191_ex10-1,priced_equity,binary,enum,0,undecidable,undecidable,12,1,12,12,0.10526315789473684,
pre_vs_post_money,0001193125-11-026716_filename6,priced_equity,binary,enum,0,undecidable,undecidable,12,1,12,12,0.25,
pre_vs_post_money,0001437749-18-019139_ex_127203,priced_equity,binary,enum,0,undecidable,undecidable,12,1,12,12,0.05882352941176472,
pre_vs_post_money,0001144204-11-010165_v212119_ex10-1,priced_equity,binary,enum,0,undecidable,undecidable,12,1,12,12,0.15000000000000002,
pre_vs_post_money,0001013762-09-002046_ex412,priced_equity,binary,enum,0,undecidable,undecidable,12,1,12,10,0.1578947368421053,
pre_vs_post_money,0001607062-21-000118_filename14,priced_equity,binary,enum,0,undecidable,undecidable,12,2,12,11,0.75,
pre_vs_post_money,0001013762-09-001055_ex101,priced_equity,binary,enum,0,undecidable,undecidable,12,1,12,10,0.11764705882352944,
pre_vs_post_money,0001493152-24-049571_form8-k,priced_equity,binary,enum,0,undecidable,undecidable,12,1,12,12,0.11764705882352944,
pre_vs_post_money,0001213900-25-014354_ea023010901ex99-1_fold,priced_equity,binary,enum,0,undecidable,undecidable,12,1,12,12,0.050000000000000044,
pre_vs_post_money,0001511164-13-000507_ngeform8k11413,priced_equity,binary,enum,0,undecidable,undecidable,12,6,12,3,1.65,
pre_vs_post_money,0001628280-24-041596_exhibit109-sx1,priced_equity,binary,enum,0,undecidable,undecidable,12,1,12,12,0.05555555555555558,
pre_vs_post_money,0001019687-14-000407_oculus_8k-ex1002,priced_equity,binary,enum,0,undecidable,undecidable,12,1,12,12,0.052631578947368474,
pre_vs_post_money,0001019687-13-002945_oculus_8k-ex1001,priced_equity,binary,enum,0,undecidable,undecidable,12,1,12,12,0.050000000000000044,
price_per_share,astea_series_a,priced_equity,numeric,number,0,stated,stated,12,2,12,12,0.40263157894736845,
price_per_share,wolverine_series_a,priced_equity,numeric,number,0,stated,stated,12,0,12,12,0.0,
price_per_share,kiwa_series_b,priced_equity,numeric,number,0,stated,stated,12,2,12,11,0.29999999999999993,
price_per_share,psm_series_e,priced_equity,numeric,number,0,stated,stated,12,0,12,11,0.0,
price_per_share,gelesis_certificate,priced_equity,numeric,number,0,stated,stated,12,4,12,5,1.4,
price_per_share,landing_page_series,priced_equity,numeric,number,0,stated,stated,12,1,12,11,0.15000000000000002,
price_per_share,washington_group,priced_equity,numeric,number,0,stated,stated,12,1,12,2,0.15000000000000002,
round_size,1260990,priced_equity,numeric,number,0,stated,stated,12,0,12,12,0.0,
round_size,1498738,priced_equity,numeric,number,0,stated,stated,12,1,12,10,0.19999999999999996,
round_size,1597815,priced_equity,numeric,number,0,stated,stated,12,0,12,12,0.0,
round_size,1981408,priced_equity,numeric,number,1,stated,stated,12,1,12,10,0.30000000000000004,quote-absent-from-source
round_size,1436444,priced_equity,numeric,number,0,stated,stated,12,0,12,12,0.0,
round_size,1887997,priced_equity,numeric,number,0,stated,stated,12,1,12,10,0.42105263157894735,
round_size,1601118,priced_equity,numeric,number,0,stated,stated,12,1,12,10,0.25,
round_size,1520726,priced_equity,numeric,number,0,stated,stated,12,0,12,10,0.0,
round_size,1651590,priced_equity,numeric,number,0,stated,stated,12,1,12,10,0.09999999999999998,
round_size,1880063,priced_equity,numeric,number,0,stated,stated,12,0,12,10,0.0,
per_investor_allocation,roka,priced_equity,numeric,number,0,stated,stated,12,0,12,12,0.0,
per_investor_allocation,casmedical,priced_equity,numeric,number,0,stated,stated,12,4,12,10,1.2713675213675213,
per_investor_allocation,ocular,priced_equity,numeric,number,0,stated,stated,12,2,12,11,0.12406015037593987,
per_investor_allocation,navidea,priced_equity,numeric,number,0,stated,stated,12,1,12,11,0.052631578947368474,
per_investor_allocation,quantrx,priced_equity,numeric,number,0,stated,stated,12,0,12,12,0.0,
liquidation_preference_multiple,1236997_000106299308001834,priced_equity,categorical,enum,0,undecidable,undecidable,12,2,12,10,0.5026315789473684,
liquidation_preference_multiple,1283259_000149315225016953,priced_equity,categorical,enum,0,undecidable,undecidable,12,1,12,11,0.25,
liquidation_preference_multiple,1538716_000119312519245313,priced_equity,categorical,enum,0,undecidable,undecidable,12,7,12,0,2.071428571428571,
liquidation_preference_multiple,1883085_000188308524000060,priced_equity,categorical,enum,0,undecidable,undecidable,12,3,12,1,0.8352941176470589,
liquidation_preference_multiple,1904616_000121390023031361,priced_equity,categorical,enum,0,undecidable,undecidable,12,0,12,11,0.0,
liquidation_preference_multiple,1062195_000110465903012203,priced_equity,categorical,enum,0,undecidable,undecidable,12,1,12,11,0.0625,
liquidation_preference_multiple,1274991_000119312510075918,priced_equity,categorical,enum,0,undecidable,undecidable,12,2,12,10,0.55,
liquidation_preference_multiple,1447362_000114036119009024,priced_equity,categorical,enum,0,undecidable,undecidable,12,3,12,11,0.5000000000000001,
participation_type,1469166_000095012314005342,priced_equity,categorical,enum,1,undecidable,undecidable,12,1,12,10,0.1578947368421053,evidence-absent
participation_type,828146_000110465921129281,priced_equity,categorical,enum,0,undecidable,undecidable,12,3,12,12,0.3125,
participation_type,1478121_000119312514227132,priced_equity,categorical,enum,0,undecidable,undecidable,12,2,12,1,0.5588235294117647,
participation_type,1585521_000119312519083351,priced_equity,categorical,enum,0,undecidable,undecidable,12,1,12,3,0.050000000000000044,
participation_type,1314727_000095012317011479,priced_equity,categorical,enum,0,undecidable,undecidable,12,1,12,11,0.052631578947368474,
participation_type,319458_000143774924026112,priced_equity,categorical,enum,0,undecidable,undecidable,12,1,12,12,0.15000000000000002,
participation_type,1119700_000114420405033377,priced_equity,categorical,enum,0,undecidable,undecidable,12,2,12,12,0.25,
participation_type,1067837_000119312515255977,priced_equity,categorical,enum,0,undecidable,undecidable,12,2,12,11,0.31666666666666665,
participation_type,1604950_000119312517316695,priced_equity,categorical,enum,1,undecidable,undecidable,12,2,12,0,0.22910216718266263,evidence-absent
participation_type,1076103_000091476003000217,priced_equity,categorical,enum,0,undecidable,undecidable,12,2,12,9,0.55,
participation_type,1200720_000104746904001493,priced_equity,categorical,enum,0,undecidable,undecidable,12,4,12,9,0.4187134502923978,
participation_type,1113481_000111348114000003,priced_equity,categorical,enum,0,undecidable,undecidable,12,2,12,11,0.5552631578947368,
participation_type,1447599_000119312515209758,priced_equity,categorical,enum,0,undecidable,undecidable,12,3,12,10,0.5710526315789474,
participation_type,1327811_000132781118000039,priced_equity,categorical,enum,0,undecidable,undecidable,12,3,12,10,0.7105263157894737,
participation_type,1344413_000089161805000914,priced_equity,categorical,enum,0,undecidable,undecidable,12,1,12,10,0.15000000000000002,
participation_type,1374128_000119312517292995,priced_equity,categorical,enum,0,undecidable,undecidable,12,2,12,9,0.30000000000000004,
participation_type,1053148_000095014401503351,priced_equity,categorical,enum,1,undecidable,undecidable,12,3,12,2,0.35526315789473684,evidence-absent
participation_cap,1200720_000104746904001493,priced_equity,numeric,number,0,stated,stated,12,0,12,12,0.0,
participation_cap,1447599_000119312515209758,priced_equity,numeric,number,0,stated,stated,12,0,12,12,0.0,
participation_cap,1344413_000089161805000914,priced_equity,numeric,number,0,stated,stated,12,0,12,12,0.0,
preference_seniority,1076103_000091476003000217,priced_equity,binary,enum,0,undecidable,undecidable,12,0,12,12,0.0,
preference_seniority,1341470_000119312509004895,priced_equity,binary,enum,0,undecidable,undecidable,12,1,12,12,0.05555555555555558,
preference_seniority,1477449_000155837016008265,priced_equity,binary,enum,0,undecidable,undecidable,12,1,12,12,0.052631578947368474,
preference_seniority,932699_000093269916000092,priced_equity,binary,enum,0,undecidable,undecidable,12,0,12,12,0.0,
preference_seniority,1092283_000119312505071414,priced_equity,binary,enum,0,undecidable,undecidable,12,0,12,12,0.0,
preference_seniority,1113481_000111348114000003,priced_equity,binary,enum,0,undecidable,undecidable,12,0,12,10,0.0,
preference_seniority,1556898_000119312517274422,priced_equity,binary,enum,0,undecidable,undecidable,12,0,12,10,0.0,
preference_seniority,745788_000114420408016648,priced_equity,binary,enum,0,undecidable,undecidable,12,2,12,10,0.2055555555555556,
preference_seniority,1123195_000112319502000020,priced_equity,binary,enum,0,undecidable,undecidable,12,2,12,10,0.10000000000000009,
dividend_rate_pct,1119700_000114420405033377,priced_equity,numeric,number,0,stated,stated,12,0,12,12,0.0,
dividend_rate_pct,1725255_000110465920135025,priced_equity,numeric,number,0,stated,stated,12,0,12,12,0.0,
dividend_rate_pct,1620179_000104746918002690,priced_equity,numeric,number,0,stated,stated,12,2,12,12,0.8111111111111111,
dividend_rate_pct,1604950_000119312517316695,priced_equity,numeric,number,0,stated,stated,12,1,12,12,0.10526315789473684,
dividend_rate_pct,1445499_000095012321001942,priced_equity,numeric,number,0,stated,stated,12,0,12,12,0.0,
dividend_rate_pct,1585521_000119312519083351,priced_equity,numeric,number,0,stated,stated,12,1,12,12,0.1578947368421053,
dividend_cumulative,1067837_000119312515255977,priced_equity,binary,enum,0,undecidable,undecidable,12,1,12,11,0.09999999999999998,
dividend_cumulative,1119700_000114420405033377,priced_equity,binary,enum,0,undecidable,undecidable,12,1,12,10,0.25,
dividend_cumulative,1200720_000104746904001493,priced_equity,binary,enum,0,undecidable,undecidable,12,0,12,12,0.0,
dividend_cumulative,1337675_000114420407009831,priced_equity,binary,enum,0,undecidable,undecidable,12,0,12,12,0.0,
dividend_cumulative,1461993_000119312517361673,priced_equity,binary,enum,0,undecidable,undecidable,12,0,12,12,0.0,
dividend_cumulative,1568194_000119312522082723,priced_equity,binary,enum,0,undecidable,undecidable,12,1,12,11,0.050000000000000044,
dividend_cumulative,1620179_000104746918002690,priced_equity,binary,enum,0,undecidable,undecidable,12,0,12,12,0.0,
dividend_cumulative,1725255_000110465920135025,priced_equity,binary,enum,0,undecidable,undecidable,12,0,12,12,0.0,
dividend_cumulative,1445499_000095012321001942,priced_equity,binary,enum,0,undecidable,undecidable,12,1,12,12,0.050000000000000044,
dividend_cumulative,1447599_000119312515209758,priced_equity,binary,enum,0,undecidable,undecidable,12,0,12,12,0.0,
dividend_cumulative,1477449_000155837016008265,priced_equity,binary,enum,0,undecidable,undecidable,12,1,12,12,0.15000000000000002,
dividend_cumulative,1722271_000091205720000111,priced_equity,binary,enum,0,undecidable,undecidable,12,0,12,12,0.0,
dividend_cumulative,1585521_000119312519083351,priced_equity,binary,enum,0,undecidable,undecidable,12,0,12,12,0.0,
dividend_cumulative,1053148_000095014401503351,priced_equity,binary,enum,0,undecidable,undecidable,12,0,12,12,0.0,
dividend_cumulative,1305253_000119312516625139,priced_equity,binary,enum,0,undecidable,undecidable,12,1,12,11,0.35,
dividend_cumulative,1604950_000119312517316695,priced_equity,binary,enum,0,undecidable,undecidable,12,1,12,12,0.09999999999999998,
antidilution_type,1082733_000165495426003578,priced_equity,categorical,enum,0,undecidable,undecidable,12,1,12,11,0.5,
antidilution_type,1093207_000114420414015857,priced_equity,categorical,enum,0,undecidable,undecidable,12,1,12,12,0.052631578947368474,
antidilution_type,1103078_000119312505072191,priced_equity,categorical,enum,0,undecidable,undecidable,12,1,12,10,0.050000000000000044,
antidilution_type,1161315_000095012314003249,priced_equity,categorical,enum,0,undecidable,undecidable,12,0,12,12,0.0,
antidilution_type,1879403_000157587223000626,priced_equity,categorical,enum,0,undecidable,undecidable,12,0,12,10,0.0,
antidilution_base,1082733_000165495426003578,priced_equity,categorical,enum,0,undecidable,undecidable,12,0,12,12,0.0,
antidilution_base,1103078_000119312505072191,priced_equity,categorical,enum,0,undecidable,undecidable,12,0,12,12,0.0,
antidilution_base,1090908_000143774913006947,priced_equity,categorical,enum,0,undecidable,undecidable,12,0,12,12,0.0,
antidilution_base,1108699_000101968704002883,priced_equity,categorical,enum,0,undecidable,undecidable,12,0,12,12,0.0,
antidilution_base,1627480_000121390015005091,priced_equity,categorical,enum,0,undecidable,undecidable,12,0,12,12,0.0,
antidilution_base,1752234_000114420418064195,priced_equity,categorical,enum,0,undecidable,undecidable,12,0,12,12,0.0,
antidilution_base,1800315_000095012320009492,priced_equity,categorical,enum,0,undecidable,undecidable,12,1,12,12,0.052631578947368474,
antidilution_base,1093207_000114420414015857,priced_equity,categorical,enum,0,undecidable,undecidable,12,1,12,10,0.2222222222222222,
antidilution_base,1161315_000095012314003249,priced_equity,categorical,enum,0,undecidable,undecidable,12,1,12,10,0.050000000000000044,
antidilution_base,763901_000095012310045398,priced_equity,categorical,enum,0,undecidable,undecidable,12,1,12,10,0.052631578947368474,
conversion_ratio,loop_industries_1to1,priced_equity,numeric,number,0,stated,not-stated,12,1,12,11,0.35,
conversion_ratio,precom_2to1,priced_equity,numeric,number,0,stated,stated,12,0,12,12,0.0,
conversion_ratio,air_defense_100to1,priced_equity,numeric,number,0,stated,not-stated,12,3,12,12,0.20000000000000007,
conversion_ratio,boston_life_sciences_8000to1,priced_equity,numeric,number,0,stated,stated,12,2,12,10,0.7388888888888888,
conversion_ratio,uwink_4p57to1,priced_equity,numeric,number,0,stated,stated,12,0,12,12,0.0,
auto_conversion_trigger,silicon_energy_30m,priced_equity,numeric,number,0,stated,stated,12,0,12,12,0.0,
auto_conversion_trigger,elastic_bv_30m,priced_equity,numeric,number,0,stated,stated,12,0,12,12,0.0,
auto_conversion_trigger,asana_100m,priced_equity,numeric,number,0,stated,stated,12,1,12,11,0.5,
auto_conversion_trigger,filename2_30m,priced_equity,numeric,number,0,stated,stated,12,0,12,12,0.0,
auto_conversion_trigger,terrascend_30m,priced_equity,numeric,number,0,stated,stated,12,1,12,12,0.050000000000000044,
redemption_rights,1725255_000110465920135025,priced_equity,binary,bool,0,undecidable,undecidable,12,1,12,10,0.44999999999999996,
redemption_rights,1780201_000119312521296901,priced_equity,binary,bool,0,undecidable,undecidable,12,2,12,11,0.20000000000000007,
redemption_rights,1469166_000095012314005342,priced_equity,binary,bool,0,undecidable,undecidable,12,1,12,11,0.30000000000000004,
redemption_rights,1660280_000095012318006158,priced_equity,binary,bool,0,undecidable,undecidable,12,1,12,11,0.25,
redemption_rights,1478121_000119312514227132,priced_equity,binary,bool,0,undecidable,undecidable,12,5,12,9,1.7857142857142854,
redemption_rights,1781983_000104746919005375,priced_equity,binary,bool,0,undecidable,undecidable,12,0,12,12,0.0,
redemption_rights,1447599_000119312515209758,priced_equity,binary,bool,0,undecidable,undecidable,12,0,12,12,0.0,
redemption_rights,1556898_000119312517274422,priced_equity,binary,bool,0,undecidable,undecidable,12,0,12,12,0.0,
redemption_rights,1888780_000157587222000105,priced_equity,binary,bool,0,undecidable,undecidable,12,0,12,12,0.0,
redemption_rights,1411057_000168316822006041,priced_equity,binary,bool,0,undecidable,undecidable,12,0,12,12,0.0,
safe_valuation_cap,1657493_000121390021028831_cap,convertibles,numeric,number,0,stated,stated,12,0,12,12,0.0,
safe_valuation_cap,1486452_000168316824001414_cap,convertibles,numeric,number,0,stated,stated,12,0,12,12,0.0,
safe_valuation_cap,2036444_000121390025123767_cap,convertibles,numeric,number,0,stated,stated,12,0,12,12,0.0,
safe_valuation_cap,746210_000143774926019366_cap,convertibles,numeric,number,0,stated,stated,12,0,12,12,0.0,
safe_valuation_cap,1838987_000121390024014892_cap,convertibles,numeric,number,0,stated,stated,12,1,12,12,0.15000000000000002,
safe_valuation_cap,1900520_000121390024095442_cap,convertibles,numeric,number,0,stated,stated,12,1,12,12,0.05882352941176472,
safe_valuation_cap,2010788_000149315224005725_cap,convertibles,numeric,number,0,stated,stated,12,2,12,12,0.5499999999999999,
safe_valuation_cap,1811623_000110465922070160_cap,convertibles,numeric,number,0,stated,stated,12,1,12,10,0.050000000000000044,
safe_discount_rate,manako_20,convertibles,numeric,number,0,stated,stated,12,0,12,12,0.0,
safe_discount_rate,eighty_20,convertibles,numeric,number,0,not-stated,not-stated,12,2,12,10,0.10000000000000009,
safe_discount_rate,80pct_20,convertibles,numeric,number,0,not-stated,not-stated,12,2,12,11,0.4,
safe_discount_rate,ninety_10,convertibles,numeric,number,0,stated,stated,12,1,12,9,0.25,
safe_discount_rate,50pct_2,convertibles,numeric,number,0,stated,stated,12,0,12,12,0.0,
safe_discount_rate,80pct_2,convertibles,numeric,number,0,not-stated,not-stated,12,4,12,11,0.38750000000000007,
safe_discount_rate,fifty_50_1,convertibles,numeric,number,0,stated,stated,12,1,12,12,0.35,
safe_discount_rate,85pct_15,convertibles,numeric,number,0,not-stated,not-stated,12,2,12,9,0.6264705882352941,
safe_discount_rate,sos_50,convertibles,numeric,number,0,stated,stated,12,2,12,10,0.19999999999999996,
safe_cap_vs_discount_applies,snm_discount_only,convertibles,categorical,enum,0,undecidable,undecidable,12,1,12,10,0.11111111111111116,
safe_cap_vs_discount_applies,parker_both_mfn,convertibles,categorical,enum,0,undecidable,undecidable,12,3,12,10,0.4769230769230768,
safe_cap_vs_discount_applies,sos_both_mfn,convertibles,categorical,enum,0,undecidable,undecidable,12,0,12,10,0.0,
safe_cap_vs_discount_applies,maison_both_mfn,convertibles,categorical,enum,0,undecidable,undecidable,12,2,12,11,0.34285714285714286,
safe_cap_vs_discount_applies,rentberry_both_mfn,convertibles,categorical,enum,0,undecidable,undecidable,12,3,12,12,0.9785714285714286,
safe_cap_vs_discount_applies,paxmedica_both_mfn,convertibles,categorical,enum,0,undecidable,undecidable,12,1,12,12,0.050000000000000044,
safe_cap_vs_discount_applies,creci_both_mfn,convertibles,categorical,enum,0,undecidable,undecidable,12,2,12,12,0.31666666666666676,
safe_cap_vs_discount_applies,complete_both_mfn,convertibles,categorical,enum,0,undecidable,undecidable,12,0,12,12,0.0,
safe_cap_vs_discount_applies,lomond_both_mfn,convertibles,categorical,enum,0,undecidable,undecidable,12,2,12,11,0.6375,
safe_cap_vs_discount_applies,neo_aero_both_mfn,convertibles,categorical,enum,0,undecidable,undecidable,12,2,12,12,0.3500000000000001,
safe_cap_vs_discount_applies,taoweave_both_mfn,convertibles,categorical,enum,0,undecidable,undecidable,12,2,12,12,0.36250000000000004,
safe_cap_vs_discount_applies,gardedam_cap_only,convertibles,categorical,enum,0,undecidable,undecidable,12,2,12,11,0.40294117647058825,
safe_cap_vs_discount_applies,flowhub_cap_only,convertibles,categorical,enum,0,undecidable,undecidable,12,0,12,12,0.0,
safe_pre_post,1821951_000121390022000982,convertibles,binary,enum,0,undecidable,undecidable,12,0,12,12,0.0,
safe_pre_post,1851491_000157587226000456,convertibles,binary,enum,0,undecidable,undecidable,12,0,12,12,0.0,
safe_pre_post,1386049_000109690621002893,convertibles,binary,enum,0,undecidable,undecidable,12,0,12,12,0.0,
safe_pre_post,1777274_000121390020033888,convertibles,binary,enum,0,undecidable,undecidable,12,0,12,12,0.0,
safe_pre_post,2084032_000121390026025748,convertibles,binary,enum,0,undecidable,undecidable,12,0,12,12,0.0,
safe_pre_post,1900520_000121390024095442,convertibles,binary,enum,0,undecidable,undecidable,12,0,12,12,0.0,
safe_pre_post,746210_000143774926019366,convertibles,binary,enum,0,undecidable,undecidable,12,0,12,12,0.0,
safe_pre_post,1811623_000110465922070160,convertibles,binary,enum,0,undecidable,undecidable,12,0,12,12,0.0,
safe_pre_post,1486452_000168316824001414,convertibles,binary,enum,0,undecidable,undecidable,12,0,12,12,0.0,
safe_pre_post,1937891_000149315226027213,convertibles,binary,enum,0,undecidable,undecidable,12,0,12,12,0.0,
safe_pre_post,2036444_000121390025123767,convertibles,binary,enum,0,undecidable,undecidable,12,1,12,10,0.050000000000000044,
safe_pre_post,1657493_000121390021028831,convertibles,binary,enum,0,undecidable,undecidable,12,2,12,10,0.10000000000000009,
safe_pre_post,1838987_000121390024014892,convertibles,binary,enum,0,undecidable,undecidable,12,2,12,10,0.10000000000000009,
safe_pre_post,2010788_000149315224005725,convertibles,binary,enum,0,undecidable,undecidable,12,1,12,10,0.050000000000000044,
safe_pre_post,837852_000110465921011524,convertibles,binary,enum,0,undecidable,undecidable,12,2,12,10,0.20000000000000007,
safe_pre_post,1158780_000121390025023733,convertibles,binary,enum,0,undecidable,undecidable,12,0,12,10,0.0,
safe_mfn_present,d715014dex1026_htm,convertibles,binary,bool,0,undecidable,undecidable,12,0,12,12,0.0,
safe_mfn_present,0001477932-18-004207_mblc_ex103,convertibles,binary,bool,0,undecidable,undecidable,12,0,12,11,0.0,
safe_mfn_present,0001477932-18-004955_mblc_ex103,convertibles,binary,bool,0,undecidable,undecidable,12,1,12,11,0.10526315789473684,
safe_mfn_present,0001493152-22-033890_ex10-3,convertibles,binary,bool,0,undecidable,undecidable,12,1,12,11,0.050000000000000044,
safe_mfn_present,0001424884-15-000185_exhibit10-11,convertibles,binary,bool,0,undecidable,undecidable,12,0,12,12,0.0,
safe_mfn_present,0001493152-22-024010_ex3-3,convertibles,binary,bool,0,undecidable,undecidable,12,0,12,12,0.0,
safe_mfn_present,0001721868-21-000866_filename15,convertibles,binary,bool,0,undecidable,undecidable,12,0,12,12,0.0,
safe_pro_rata_side_letter,0000721748-17-000529_s1safe,convertibles,binary,bool,0,undecidable,undecidable,12,1,12,12,0.05555555555555558,
safe_pro_rata_side_letter,0000721748-17-000577_s1safe,convertibles,binary,bool,0,undecidable,undecidable,12,2,12,12,0.1166666666666667,
safe_pro_rata_side_letter,0001424884-15-000185_exhibit10-11,convertibles,binary,bool,0,undecidable,undecidable,12,0,12,12,0.0,
safe_pro_rata_side_letter,0001477932-18-004207_mblc_ex103,convertibles,binary,bool,0,undecidable,undecidable,12,0,12,12,0.0,
safe_pro_rata_side_letter,0001477932-18-004955_mblc_ex103,convertibles,binary,bool,0,undecidable,undecidable,12,0,12,12,0.0,
safe_pro_rata_side_letter,0001493152-22-024010_ex3-3,convertibles,binary,bool,0,undecidable,undecidable,12,1,12,12,0.050000000000000044,
safe_pro_rata_side_letter,0001493152-22-033890_ex10-3,convertibles,binary,bool,0,undecidable,undecidable,12,0,12,12,0.0,
safe_pro_rata_side_letter,0001721868-21-000866_filename15,convertibles,binary,bool,0,undecidable,undecidable,12,2,12,12,0.12692307692307692,
safe_pro_rata_side_letter,0001903596-22-000170_f2ssos102121ex4_13,convertibles,binary,bool,0,undecidable,undecidable,12,0,12,12,0.0,
safe_pro_rata_side_letter,0001193125-26-035812_filename4,convertibles,binary,bool,0,undecidable,undecidable,12,0,12,12,0.0,
safe_pro_rata_side_letter,0001193125-26-153091_rea-ex4_2,convertibles,binary,bool,0,undecidable,undecidable,12,1,12,12,0.15384615384615385,
safe_pro_rata_side_letter,0001117768-17-001842_mainbody,convertibles,binary,bool,0,undecidable,undecidable,12,0,12,12,0.0,
safe_pro_rata_side_letter,0001575872-26-000442_amass027_8k,convertibles,binary,bool,0,undecidable,undecidable,12,0,12,12,0.0,
safe_pro_rata_side_letter,0001437749-26-019366_twav20260603_8k,convertibles,binary,bool,0,undecidable,undecidable,12,2,12,11,0.6038461538461538,
safe_pro_rata_side_letter,0001104659-21-005324_tm213128d1_ex99-1,convertibles,binary,bool,0,undecidable,undecidable,12,0,12,12,0.0,
note_principal,0007217481400043_acology,convertibles,numeric,number,0,stated,stated,12,0,12,12,0.0,
note_principal,0008929170200000_gardenburger,convertibles,numeric,number,0,stated,stated,12,0,12,12,0.0,
note_principal,0001213900170072_minerco_ciarello,convertibles,numeric,number,0,stated,stated,12,0,12,12,0.0,
note_principal,0001213900170072_minerco_schmidt,convertibles,numeric,number,0,stated,stated,12,0,12,12,0.0,
note_principal,0001213900170072_minerco_msf,convertibles,numeric,number,0,stated,stated,12,0,12,12,0.0,
note_principal,0001213900170072_minerco_rios,convertibles,numeric,number,0,stated,stated,12,0,12,12,0.0,
note_principal,0001213900170072_minerco_pacific_isle,convertibles,numeric,number,0,stated,stated,12,0,12,12,0.0,
note_interest_rate,acology_0p28,convertibles,numeric,number,0,stated,stated,12,1,12,12,0.050000000000000044,
note_interest_rate,smartserv_10p00,convertibles,numeric,number,0,stated,stated,12,0,12,12,0.0,
note_interest_rate,veritasfarms_10p00,convertibles,numeric,number,0,stated,stated,12,1,12,12,0.4,
note_interest_rate,greenfieldrobotics_8p00,convertibles,numeric,number,0,stated,stated,12,1,12,12,0.33333333333333337,
note_interest_rate,lanzatech_8p00,convertibles,numeric,number,0,stated,stated,12,1,12,12,0.5,
note_interest_rate,xtiaero_10p00,convertibles,numeric,number,0,stated,stated,12,1,12,10,0.5,
note_maturity_date,gardenburger_2005_03_31,convertibles,numeric,date,0,undecidable,undecidable,12,2,12,11,0.28431372549019607,
note_maturity_date,acology_2015_03_04,convertibles,numeric,date,0,undecidable,undecidable,6,1,6,4,0.050000000000000044,
note_maturity_date,xtiaero_2026_12_31,convertibles,numeric,date,0,undecidable,undecidable,12,0,12,12,0.0,
note_maturity_date,veritasfarms_2026_10_01,convertibles,numeric,date,0,undecidable,undecidable,12,1,12,12,0.09999999999999998,
note_valuation_cap,damon_tranche_19to22,convertibles,numeric,number,0,stated,stated,12,2,12,11,0.5605263157894737,
note_valuation_cap,realpha_cap_definition,convertibles,numeric,number,0,stated,stated,12,0,12,12,0.0,
note_valuation_cap,exyn_technologies,convertibles,numeric,number,0,stated,stated,12,0,12,12,0.0,
note_valuation_cap,greenfield_robotics,convertibles,numeric,number,0,stated,stated,12,1,12,12,0.1875,
note_discount,greenfield_robotics_20pct,convertibles,numeric,number,0,not-stated,not-stated,12,1,12,10,0.050000000000000044,
note_discount,exyn_technologies_25pct,convertibles,numeric,number,0,not-stated,not-stated,12,0,12,10,0.0,
note_discount,acology_50pct,convertibles,numeric,number,0,stated,stated,12,1,12,10,0.25,
note_discount,hepalife_5pct_vwap,convertibles,numeric,number,0,stated,stated,10,0,10,9,0.0,
note_qualified_financing_threshold,lanzatech_40m,convertibles,numeric,number,0,stated,stated,12,0,12,12,0.0,
note_qualified_financing_threshold,xtiaero_10m,convertibles,numeric,number,0,stated,stated,12,2,12,12,0.2055555555555556,
current_ownership_pct,uber_garrett_camp,cap_table,numeric,number,1,not-stated,not-stated,12,3,12,9,1.0323529411764705,computational
current_ownership_pct,uber_matt_cohler_benchmark,cap_table,numeric,number,1,not-stated,not-stated,12,2,12,10,1.2999999999999998,computational
current_ownership_pct,uber_ryan_graves,cap_table,numeric,number,1,not-stated,not-stated,12,2,12,10,0.9125,computational
current_ownership_pct,uber_travis_kalanick,cap_table,numeric,number,1,not-stated,not-stated,12,2,12,10,1.286842105263158,computational
current_ownership_pct,uber_al_rumayyan_pif_director,cap_table,numeric,number,1,not-stated,not-stated,12,3,12,10,1.75,computational
current_ownership_pct,uber_sb_cayman,cap_table,numeric,number,1,not-stated,not-stated,12,2,12,10,0.7,computational
current_ownership_pct,uber_alphabet_entities,cap_table,numeric,number,1,not-stated,not-stated,12,2,12,10,1.3888888888888888,computational
current_ownership_pct,uber_public_investment_fund,cap_table,numeric,number,1,not-stated,not-stated,12,2,12,10,0.8894736842105263,computational
current_ownership_pct,uber_all_directors_officers_group,cap_table,numeric,number,1,not-stated,not-stated,12,3,12,10,1.7875,computational
founder_ownership_pct,uber_garrett_camp_founder,cap_table,numeric,number,1,not-stated,not-stated,12,3,12,9,1.1166666666666667,computational
founder_ownership_pct,uber_travis_kalanick_founder,cap_table,numeric,number,1,not-stated,not-stated,12,2,12,10,1.2394736842105263,computational
founder_ownership_pct,uber_ryan_graves_ceo,cap_table,numeric,number,1,not-stated,not-stated,12,2,12,10,1.2625,computational
investor_ownership_pct,uber_sb_cayman_investor,cap_table,numeric,number,1,not-stated,not-stated,12,1,12,10,0.4736842105263158,computational
investor_ownership_pct,uber_benchmark_investor,cap_table,numeric,number,1,not-stated,not-stated,12,2,12,10,0.8500000000000001,computational
investor_ownership_pct,uber_pif_investor,cap_table,numeric,number,1,not-stated,not-stated,12,2,12,10,0.8526315789473685,computational
investor_ownership_pct,uber_alphabet_investor,cap_table,numeric,number,1,not-stated,not-stated,12,1,12,10,0.65,computational
employee_pool_pct,uber_2019_equity_incentive_plan_pool,cap_table,numeric,number,1,not-stated,not-stated,12,4,12,10,0.8714285714285714,computational
option_pool_shuffle,example1,cap_table,numeric,number,1,not-stated,not-stated,12,10,12,5,3.173684210526316,evidence-absent
option_pool_shuffle,example2,cap_table,numeric,number,1,not-stated,not-stated,12,2,12,11,0.6,evidence-absent
option_pool_shuffle,example3,cap_table,numeric,number,1,not-stated,not-stated,12,10,12,0,3.3824905400756795,evidence-absent
fully_diluted_basis,actelis_ex,cap_table,binary,enum,0,undecidable,undecidable,12,1,12,12,0.21052631578947367,
fully_diluted_basis,sybari_ex,cap_table,binary,enum,0,undecidable,undecidable,12,1,12,12,0.368421052631579,
fully_diluted_basis,emageon_ex,cap_table,binary,enum,0,undecidable,undecidable,12,1,12,12,0.4,
fully_diluted_basis,ignentertainment_ex,cap_table,binary,enum,0,undecidable,undecidable,12,1,12,12,0.3157894736842105,
fully_diluted_basis,actelis_body,cap_table,binary,enum,0,undecidable,undecidable,12,1,12,10,0.35,
fully_diluted_basis,ignentertainment_body,cap_table,binary,enum,0,undecidable,undecidable,12,2,12,11,0.5236842105263159,
fully_diluted_basis,hyrecar_body,cap_table,binary,enum,0,undecidable,undecidable,12,2,12,10,0.6888888888888889,
fully_diluted_basis,castlebio_body,cap_table,binary,enum,0,undecidable,undecidable,12,2,12,10,0.6833333333333333,
multi_round_stacked_dilution,civitas,cap_table,numeric,number,1,not-stated,not-stated,12,2,12,9,0.55,evidence-absent
multi_round_stacked_dilution,hyrecar,cap_table,numeric,number,1,not-stated,not-stated,12,2,12,10,1.2000000000000002,evidence-absent
multi_round_stacked_dilution,castlebio,cap_table,numeric,number,1,not-stated,not-stated,12,1,12,10,0.8461538461538461,evidence-absent
multi_round_stacked_dilution,veritone,cap_table,numeric,number,1,not-stated,not-stated,12,2,12,10,1.0789473684210527,evidence-absent
multi_round_stacked_dilution,axcella,cap_table,numeric,number,1,not-stated,not-stated,12,2,12,10,0.986842105263158,evidence-absent
liquidation_waterfall_payout,col1_selected_companies_ltm,exit_waterfall,numeric,number,1,not-stated,not-stated,12,6,12,10,2.4147058823529415,evidence-absent
liquidation_waterfall_payout,col2_selected_companies_fy17e,exit_waterfall,numeric,number,1,not-stated,not-stated,12,8,12,7,3.56578947368421,evidence-absent
liquidation_waterfall_payout,col3_selected_companies_fy18e,exit_waterfall,numeric,number,1,not-stated,not-stated,12,12,12,2,3.8702614379084967,evidence-absent
liquidation_waterfall_payout,col4_discounted_cash_flow,exit_waterfall,numeric,number,1,not-stated,not-stated,12,6,12,5,3.182352941176471,evidence-absent
preference_stack_payout,series_a,exit_waterfall,numeric,number,0,not-stated,not-stated,12,3,12,11,1.1277777777777778,
preference_stack_payout,series_b,exit_waterfall,numeric,number,0,not-stated,not-stated,12,2,12,10,1.6,
convert_vs_preference_decision,example4_convert,exit_waterfall,binary,enum,1,undecidable,undecidable,12,0,12,12,0.0,evidence-absent
convert_vs_preference_decision,example5_take_preference,exit_waterfall,binary,enum,1,undecidable,undecidable,12,0,12,10,0.0,evidence-absent
board_seats_investor,0001047469-03-010357_a2106288zex-4_8,rights_governance,numeric,number,0,stated,not-stated,12,1,12,12,0.050000000000000044,
board_seats_investor,0001047469-09-010296_a2195611zex-4_1,rights_governance,numeric,number,0,stated,not-stated,12,3,12,11,0.2500000000000001,
board_seats_investor,0001104659-17-048201_a17-18633_1ex10d6_pjc,rights_governance,numeric,number,0,stated,stated,12,3,12,3,0.525,
board_seats_investor,0001104659-17-048201_a17-18633_1ex10d6_opal,rights_governance,numeric,number,0,stated,stated,12,0,12,12,0.0,
board_seats_investor,0001193125-12-119900_d267119dex43_quantum,rights_governance,numeric,number,0,stated,stated,12,7,12,9,0.9611111111111112,
board_seats_investor,0001193125-12-119900_d267119dex43_tribal,rights_governance,numeric,number,0,stated,stated,12,7,12,2,1.517763157894737,
board_seats_investor,0000950134-07-010103_d46152e8vk_mdp,rights_governance,numeric,number,0,stated,not-stated,12,5,12,7,0.5852941176470589,
board_seats_investor,0000950134-07-010103_d46152e8vk_mdp_old,rights_governance,numeric,number,0,stated,stated,12,2,12,11,0.45000000000000007,
board_seats_investor,0001437749-22-001514_ex_325546,rights_governance,numeric,number,0,stated,not-stated,12,0,12,12,0.0,
protective_provisions,0001047469-12-003207_a2208385zex-3_1,rights_governance,binary,bool,0,undecidable,undecidable,12,0,12,12,0.0,
protective_provisions,0001628280-21-018818_exhibit31-sx1,rights_governance,binary,bool,0,undecidable,undecidable,12,1,12,11,0.15000000000000002,
protective_provisions,0000950123-10-024749_w77389exv3w1,rights_governance,binary,bool,0,undecidable,undecidable,12,5,12,10,0.8115384615384615,
protective_provisions,0001193125-14-104715_d641160dex31,rights_governance,binary,bool,0,undecidable,undecidable,12,2,12,11,0.20000000000000007,
protective_provisions,0001193125-04-167617_dex41,rights_governance,binary,bool,0,undecidable,undecidable,12,0,12,11,0.0,
protective_provisions,0000950134-06-002466_f17144exv99w2,rights_governance,binary,bool,0,undecidable,undecidable,12,4,12,10,0.5833333333333334,
protective_provisions,0001193125-07-255707_dex32,rights_governance,binary,bool,0,undecidable,undecidable,12,0,12,11,0.0,
protective_provisions,0001144204-13-065207_v361967_ex99-1,rights_governance,binary,bool,0,undecidable,undecidable,12,1,12,11,0.09999999999999998,
protective_provisions,0001193125-05-192064_dex101,rights_governance,binary,bool,0,undecidable,undecidable,12,1,12,11,0.35,
protective_provisions,0001193125-08-189285_dex31,rights_governance,binary,bool,0,undecidable,undecidable,12,0,12,11,0.0,
protective_provisions,0001193125-17-003078_d284169dex31,rights_governance,binary,bool,0,undecidable,undecidable,12,0,12,12,0.0,
protective_provisions,0001068874-16-000081_imsc160408_ex10z3,rights_governance,binary,bool,0,undecidable,undecidable,12,0,12,11,0.0,
information_rights,0001193125-11-204682_dex402,rights_governance,binary,bool,0,undecidable,undecidable,12,0,12,12,0.0,
information_rights,0000950123-09-064388_f53797orexv4w2,rights_governance,binary,bool,0,undecidable,undecidable,12,0,12,12,0.0,
information_rights,0000950123-14-010038_filename6,rights_governance,binary,bool,0,undecidable,undecidable,12,0,12,12,0.0,
information_rights,0000950123-20-004953_filename4,rights_governance,binary,bool,0,undecidable,undecidable,12,0,12,12,0.0,
information_rights,0001628280-21-019876_exhibit102-sx1,rights_governance,binary,bool,0,undecidable,undecidable,12,0,12,12,0.0,
information_rights,0000950134-08-014307_f42787exv10w2,rights_governance,binary,bool,0,undecidable,undecidable,12,3,12,4,0.7,
information_rights,0001193125-06-212415_dex991,rights_governance,binary,bool,0,undecidable,undecidable,12,1,12,10,0.1578947368421053,
information_rights,0001193125-07-042724_dex101,rights_governance,binary,bool,0,undecidable,undecidable,12,1,12,10,0.050000000000000044,
information_rights,0000945841-07-000055_restrstockagreement,rights_governance,binary,bool,0,undecidable,undecidable,12,2,12,10,0.418421052631579,
information_rights,0001193125-15-060049_d836724dex1031,rights_governance,binary,bool,0,undecidable,undecidable,12,0,12,10,0.0,
information_rights,0000898173-20-000007_orly-20191231ex101926dba,rights_governance,binary,bool,0,undecidable,undecidable,12,0,12,10,0.0,
information_rights,0000950134-06-004765_c01111s1exv4w4,rights_governance,binary,bool,0,undecidable,undecidable,12,0,12,10,0.0,
pro_rata_rights,0001213900-26-025748_ea025686308ex10-4,rights_governance,binary,bool,0,undecidable,undecidable,12,0,12,12,0.0,
pro_rata_rights,0001437749-26-019366_ex_971837,rights_governance,binary,bool,0,undecidable,undecidable,12,0,12,12,0.0,
pro_rata_rights,0001104659-26-075802_tm2617498d1_ex3-9,rights_governance,binary,bool,0,undecidable,undecidable,12,0,12,12,0.0,
pro_rata_rights,0001721868-21-000866_filename15,rights_governance,binary,bool,0,undecidable,undecidable,12,4,12,11,0.6269230769230769,
pro_rata_rights,0001477932-18-004207_mblc_ex103,rights_governance,binary,bool,0,undecidable,undecidable,12,2,12,12,0.10000000000000009,
pro_rata_rights,0001424884-15-000185_exhibit10-11,rights_governance,binary,bool,0,undecidable,undecidable,12,2,12,11,0.7999999999999999,
pro_rata_rights,0001193125-05-088679_dex105,rights_governance,binary,bool,0,undecidable,undecidable,12,0,12,12,0.0,
pro_rata_rights,0001104659-20-131754_tm2030105d13_ex10-20,rights_governance,binary,bool,0,undecidable,undecidable,12,0,12,12,0.0,
pro_rata_rights,0001047469-12-004869_a2208908zex-4_12,rights_governance,binary,bool,0,undecidable,undecidable,12,1,12,12,0.26315789473684215,
pro_rata_rights,0001193125-06-192598_dex1012,rights_governance,binary,bool,0,undecidable,undecidable,12,1,12,12,0.15000000000000002,
pro_rata_rights,0000950123-15-006790_filename6,rights_governance,binary,bool,0,undecidable,undecidable,12,0,12,12,0.0,
pro_rata_rights,0001193125-03-085295_dex108,rights_governance,binary,bool,0,undecidable,undecidable,12,1,12,12,0.15000000000000002,
rofr_cosale,0000912057-13-000222_filename4,rights_governance,binary,bool,0,undecidable,undecidable,12,0,12,12,0.0,
rofr_cosale,0000950123-14-005490_filename11,rights_governance,binary,bool,0,undecidable,undecidable,12,0,12,12,0.0,
rofr_cosale,0000950144-02-006194_g76584exv4w7,rights_governance,binary,bool,0,undecidable,undecidable,12,1,12,12,0.25,
rofr_cosale,0001683168-22-000097_aclarion_ex1008,rights_governance,binary,bool,0,undecidable,undecidable,12,1,12,12,0.30000000000000004,
rofr_cosale,0000912057-17-000020_filename4,rights_governance,binary,bool,0,undecidable,undecidable,12,0,12,12,0.0,
rofr_cosale,0000912057-01-534636_a2059793zex-10_20,rights_governance,binary,bool,0,undecidable,undecidable,12,1,12,11,0.15000000000000002,
rofr_cosale,0000891020-07-000003_v25599a1exv9w1,rights_governance,binary,bool,0,undecidable,undecidable,12,1,12,11,0.050000000000000044,
rofr_cosale,0001493152-16-016248_ex10-1,rights_governance,binary,bool,0,undecidable,undecidable,12,0,12,11,0.0,
rofr_cosale,0001628280-19-001592_tmhc-123118xex1031,rights_governance,binary,bool,0,undecidable,undecidable,12,1,12,11,0.09999999999999998,
rofr_cosale,0001077048-05-000165_ex10-1,rights_governance,binary,bool,0,undecidable,undecidable,12,2,12,4,0.5,
rofr_cosale,0001144204-04-017555_v08033_green,rights_governance,binary,bool,0,undecidable,undecidable,12,2,12,6,0.5,
rofr_cosale,0001193125-21-224403_d93222dex105,rights_governance,binary,bool,0,undecidable,undecidable,12,0,12,12,0.0,
drag_along,0001193125-11-327662_d261388dex43,rights_governance,binary,bool,0,undecidable,undecidable,12,0,12,12,0.0,
drag_along,0001047469-07-002039_a2176594zex-4_6,rights_governance,binary,bool,0,undecidable,undecidable,12,0,12,12,0.0,
drag_along,0001193125-06-053345_dex101,rights_governance,binary,bool,0,undecidable,undecidable,12,7,12,6,1.6285714285714286,
drag_along,0001104659-12-073362_a12-25837_1ex10d6,rights_governance,binary,bool,0,undecidable,undecidable,12,0,12,12,0.0,
drag_along,0000950123-02-009442_e62399a2exv10w20,rights_governance,binary,bool,0,undecidable,undecidable,12,2,12,10,0.15526315789473688,
drag_along,0001047469-06-008353_a2171167zex-10_13,rights_governance,binary,bool,0,undecidable,undecidable,12,2,12,6,0.6499999999999999,
drag_along,0001047469-13-008148_a2216187zex-10_3,rights_governance,binary,bool,0,undecidable,undecidable,12,1,12,11,0.4,
drag_along,0000912057-17-000020_filename4,rights_governance,binary,bool,0,undecidable,undecidable,12,1,12,11,0.09999999999999998,
drag_along,0000950123-10-031429_b80142exv4w4,rights_governance,binary,bool,0,undecidable,undecidable,12,0,12,10,0.0,
drag_along,0000912057-01-534636_a2059793zex-10_20,rights_governance,binary,bool,0,undecidable,undecidable,12,0,12,12,0.0,
drag_along,0000950123-14-005490_filename11,rights_governance,binary,bool,0,undecidable,undecidable,12,0,12,11,0.0,
drag_along,0001144204-16-141777_v455883_ex3-2,rights_governance,binary,bool,0,undecidable,undecidable,12,0,12,10,0.0,
vesting_acceleration,912562_000091256215000002,rights_governance,binary,bool,0,undecidable,undecidable,12,1,12,10,0.050000000000000044,
vesting_acceleration,1671858_000119312522280241,rights_governance,binary,bool,0,undecidable,undecidable,12,1,12,11,0.050000000000000044,
vesting_acceleration,1293310_000119312512306440,rights_governance,binary,bool,0,undecidable,undecidable,12,0,12,12,0.0,
vesting_acceleration,1433714_000119312514041287,rights_governance,binary,bool,0,undecidable,undecidable,12,1,12,10,0.09999999999999998,
vesting_acceleration,1452751_000119312513403444,rights_governance,binary,bool,0,undecidable,undecidable,12,0,12,12,0.0,
vesting_acceleration,1108271_000119312504159873,rights_governance,binary,bool,0,undecidable,undecidable,12,0,12,11,0.0,
vesting_acceleration,0001193125-13-046243_d484075d8k,rights_governance,binary,bool,0,undecidable,undecidable,12,1,12,10,0.42105263157894735,
vesting_acceleration,0001451809-24-000052_ex1034offerofemployment-sa,rights_governance,binary,bool,0,undecidable,undecidable,12,0,12,12,0.0,
vesting_acceleration,0000950005-01-500034_p13538ex99-7,rights_governance,binary,bool,0,undecidable,undecidable,12,0,12,12,0.0,
vesting_schedule,1293310_000119312512306440,founder_equity,multi_part,string,0,undecidable,undecidable,12,0,12,12,0.0,
vesting_schedule,1452751_000119312513403444,founder_equity,multi_part,string,0,undecidable,undecidable,12,0,12,12,0.0,
vesting_schedule,1108271_000119312504159873,founder_equity,multi_part,string,0,undecidable,undecidable,12,2,12,10,1.05,
vesting_schedule,0001558370-21-008713_giii-20210628x8k,founder_equity,multi_part,string,0,undecidable,undecidable,12,0,12,10,0.0,
vesting_schedule,0001451809-24-000052_ex1034offerofemployment-sa,founder_equity,multi_part,string,0,undecidable,undecidable,12,0,12,10,0.0,
vesting_schedule,0001144204-15-053727_v419640_ex10-1,founder_equity,multi_part,string,0,undecidable,undecidable,12,0,12,10,0.0,
vesting_schedule,0001516513-23-000036_ex-107xcraigoverpeckofferl,founder_equity,multi_part,string,0,undecidable,undecidable,12,0,12,10,0.0,
vesting_schedule,0000020740-17-000006_a201610kex1012,founder_equity,multi_part,string,0,undecidable,undecidable,12,6,12,5,1.4000000000000001,
vesting_schedule,0001104659-09-054183_a09-26145_18k,founder_equity,multi_part,string,0,undecidable,undecidable,12,1,12,11,0.5,
cliff_present,0001503707-23-000002_ltipformfinalforedgar,founder_equity,binary,bool,0,undecidable,undecidable,12,2,12,12,0.55,
cliff_present,0001558370-21-008713_giii-20210628x8k,founder_equity,binary,bool,0,undecidable,undecidable,12,0,12,12,0.0,
cliff_present,0000790816-14-000054_bdn8k-annualawards_031414,founder_equity,binary,bool,0,undecidable,undecidable,12,0,12,12,0.0,
cliff_present,0001144204-18-050119_tv502422_10k,founder_equity,binary,bool,0,undecidable,undecidable,12,0,12,12,0.0,
cliff_present,0001299933-11-000951_htm_41195,founder_equity,binary,bool,0,undecidable,undecidable,12,0,12,12,0.0,
cliff_present,0001104659-09-039164_a09-16464_1ex10d1,founder_equity,binary,bool,0,undecidable,undecidable,12,3,12,12,0.7000000000000001,
cliff_present,0001451809-24-000052_ex1034offerofemployment-sa,founder_equity,binary,bool,0,undecidable,undecidable,12,0,12,12,0.0,
cliff_present,0001144204-15-053727_v419640_ex10-1,founder_equity,binary,bool,0,undecidable,undecidable,12,1,12,11,0.30000000000000004,
cliff_present,0001516513-23-000036_ex-107xcraigoverpeckofferl,founder_equity,binary,bool,0,undecidable,undecidable,12,0,12,12,0.0,
cliff_present,0001299933-05-001251_exhibit2,founder_equity,binary,bool,0,undecidable,undecidable,12,0,12,10,0.0,
cliff_present,0000020740-17-000006_a201610kex1012,founder_equity,binary,bool,0,undecidable,undecidable,12,2,12,9,0.5833333333333334,
cliff_present,0001104659-09-054183_a09-26145_18k,founder_equity,binary,bool,0,undecidable,undecidable,12,4,12,10,0.5357142857142857,
acceleration_trigger,912562_000091256215000002,founder_equity,binary,enum,0,undecidable,undecidable,12,1,12,12,0.050000000000000044,
acceleration_trigger,1671858_000119312522280241,founder_equity,binary,enum,0,undecidable,undecidable,12,0,12,12,0.0,
acceleration_trigger,1293310_000119312512306440,founder_equity,binary,enum,0,undecidable,undecidable,12,0,12,12,0.0,
acceleration_trigger,1433714_000119312514041287,founder_equity,binary,enum,0,undecidable,undecidable,12,0,12,12,0.0,
acceleration_trigger,1318568_000155837016005813,founder_equity,binary,enum,0,undecidable,undecidable,12,0,12,12,0.0,
acceleration_trigger,1396009_000095014408007433,founder_equity,binary,enum,0,undecidable,undecidable,12,1,12,12,0.050000000000000044,
acceleration_trigger,1358403_000135840318000037,founder_equity,binary,enum,0,undecidable,undecidable,12,0,12,12,0.0,
acceleration_trigger,1452751_000119312513403444,founder_equity,binary,enum,0,undecidable,undecidable,12,1,12,11,0.09999999999999998,
acceleration_trigger,1108271_000119312504159873,founder_equity,binary,enum,0,undecidable,undecidable,12,0,12,12,0.0,
acceleration_trigger,1566826_000121390025046512,founder_equity,binary,enum,0,undecidable,undecidable,12,1,12,12,0.15000000000000002,
acceleration_trigger,1158172_000095013308000368,founder_equity,binary,enum,0,undecidable,undecidable,12,2,12,10,0.10000000000000009,
acceleration_trigger,1661460_000119312523020421,founder_equity,binary,enum,0,undecidable,undecidable,12,0,12,12,0.0,
acceleration_trigger,31791_000003179124000004,founder_equity,binary,enum,0,undecidable,undecidable,12,1,12,12,0.052631578947368474,
option_strike_409a,0001125282-06-006236_0p03,founder_equity,numeric,number,0,stated,stated,12,1,12,10,0.06666666666666665,
option_strike_409a,0001125282-06-006236_0p25,founder_equity,numeric,number,0,stated,stated,12,1,12,12,0.0714285714285714,
option_strike_409a,0001193125-11-194811_0p61,founder_equity,numeric,number,0,stated,stated,12,1,12,12,0.15000000000000002,
option_strike_409a,0001125282-06-006236_1p25,founder_equity,numeric,number,0,stated,stated,12,2,12,11,0.8,
option_strike_409a,0001125282-06-007804_2p0,founder_equity,numeric,number,0,stated,stated,12,1,12,10,0.44999999999999996,
option_strike_409a,0001193125-11-194811_7p5,founder_equity,numeric,number,0,stated,stated,12,0,12,12,0.0,
option_strike_409a,0001125282-06-006236_11p0,founder_equity,numeric,number,0,stated,stated,12,0,12,12,0.0,
exercise_window,sirva,founder_equity,numeric,string,0,undecidable,undecidable,12,2,12,10,0.7,
exercise_window,covisint,founder_equity,numeric,string,0,undecidable,undecidable,12,1,12,12,0.35,
exercise_window,annaslinens,founder_equity,numeric,string,0,undecidable,undecidable,12,1,12,12,0.15000000000000002,
exercise_window,williamsscotsman,founder_equity,numeric,string,0,undecidable,undecidable,12,1,12,12,0.050000000000000044,
exercise_window,douglasdynamics1,founder_equity,numeric,string,0,undecidable,undecidable,12,3,12,12,0.5,
securities_exemption,1102449,regulatory,categorical,enum,0,undecidable,undecidable,12,0,12,12,0.0,
securities_exemption,1260990,regulatory,categorical,enum,0,undecidable,undecidable,12,0,12,12,0.0,
securities_exemption,1444307,regulatory,categorical,enum,0,undecidable,undecidable,12,0,12,12,0.0,
securities_exemption,1498738,regulatory,categorical,enum,1,undecidable,undecidable,12,2,12,11,0.5236842105263159,quote-absent-from-source
securities_exemption,1597815,regulatory,categorical,enum,0,undecidable,undecidable,12,1,12,12,0.05882352941176472,
securities_exemption,1795387,regulatory,categorical,enum,0,undecidable,undecidable,12,4,12,10,1.1444444444444444,
securities_exemption,1804648,regulatory,categorical,enum,0,undecidable,undecidable,12,3,12,10,1.2045454545454546,
securities_exemption,1902507,regulatory,categorical,enum,0,undecidable,undecidable,12,5,12,10,0.8988038277511963,
securities_exemption,1947170,regulatory,categorical,enum,0,undecidable,undecidable,12,0,12,12,0.0,
securities_exemption,1981408,regulatory,categorical,enum,0,undecidable,undecidable,12,1,12,12,0.050000000000000044,
form_d_fields,1456554_000145655410000002,regulatory,numeric,string,0,undecidable,undecidable,12,2,12,11,0.5,
form_d_fields,1549044_000154904412000001,regulatory,numeric,string,0,undecidable,undecidable,12,0,12,12,0.0,
s1_use_of_proceeds,hyrecar,regulatory,multi_part,string,0,undecidable,undecidable,12,1,12,12,0.050000000000000044,
s1_use_of_proceeds,castlebio,regulatory,multi_part,string,0,undecidable,undecidable,12,3,12,10,0.8,
s1_use_of_proceeds,axcella,regulatory,multi_part,string,0,undecidable,undecidable,12,4,12,10,0.9052631578947369,
s1_use_of_proceeds,veritone,regulatory,multi_part,string,0,undecidable,undecidable,12,2,12,10,0.7000000000000001,
s1_use_of_proceeds,civitas,regulatory,multi_part,string,0,undecidable,undecidable,12,6,12,9,1.65,
s1_risk_factors,hyrecar_1,regulatory,multi_part,string,0,undecidable,undecidable,12,2,12,11,1.0763157894736843,
s1_risk_factors,hyrecar_2,regulatory,multi_part,string,0,undecidable,undecidable,12,2,12,11,1.4947368421052631,
s1_risk_factors,hyrecar_3,regulatory,multi_part,string,0,undecidable,undecidable,12,2,12,11,0.881578947368421,
s1_risk_factors,axcella_1,regulatory,multi_part,string,0,undecidable,undecidable,12,2,12,11,1.35,
s1_risk_factors,axcella_2,regulatory,multi_part,string,0,undecidable,undecidable,12,2,12,10,1.2,
financial_statement_qa,civitas,regulatory,numeric,number,0,stated,stated,12,2,12,10,0.25,
financial_statement_qa,ignentertainment,regulatory,numeric,number,0,stated,stated,12,1,12,9,0.4,
financial_statement_qa,castlebio,regulatory,numeric,number,0,stated,stated,12,1,12,12,0.15000000000000002,
financial_statement_qa,emageon,regulatory,numeric,number,0,stated,stated,12,3,12,10,0.7636363636363637,
financial_statement_qa,hyrecar,regulatory,numeric,number,0,stated,stated,12,5,12,9,1.75,
flag_offmarket_liqpref,1461993_000119312517361673,risk_flag,binary,bool,0,undecidable,undecidable,12,2,12,11,0.30000000000000004,
flag_offmarket_liqpref,877931_000119312508100740,risk_flag,binary,bool,0,undecidable,undecidable,12,1,12,10,0.050000000000000044,
flag_offmarket_liqpref,1427222_000101376208000358,risk_flag,binary,bool,0,undecidable,undecidable,12,0,12,10,0.0,
flag_offmarket_liqpref,1780201_000119312521296901,risk_flag,binary,bool,0,undecidable,undecidable,12,1,12,11,0.050000000000000044,
flag_offmarket_liqpref,1130258_000104746906010148,risk_flag,binary,bool,0,undecidable,undecidable,12,1,12,11,0.4,
flag_offmarket_liqpref,1447599_000119312515209758,risk_flag,binary,bool,0,undecidable,undecidable,12,1,12,11,0.19999999999999996,
flag_offmarket_liqpref,1722271_000091205720000111,risk_flag,binary,bool,0,undecidable,undecidable,12,1,12,10,0.30000000000000004,
flag_offmarket_liqpref,1119700_000114420405033377,risk_flag,binary,bool,0,undecidable,undecidable,12,0,12,11,0.0,
flag_offmarket_liqpref,1327811_000132781118000039,risk_flag,binary,bool,0,undecidable,undecidable,12,4,12,2,0.45789473684210535,
flag_offmarket_liqpref,1469166_000095012314005342,risk_flag,binary,bool,0,undecidable,undecidable,12,2,12,11,0.6105263157894737,
flag_full_ratchet,0000950123-14-003249_filename2.htm,risk_flag,binary,bool,0,undecidable,undecidable,12,0,12,12,0.0,
flag_full_ratchet,0001104659-14-075598_a14-23423_18k.htm,risk_flag,binary,bool,0,undecidable,undecidable,12,0,12,12,0.0,
flag_full_ratchet,0001144204-14-015857_v371796_8k.htm,risk_flag,binary,bool,0,undecidable,undecidable,12,0,12,12,0.0,
flag_full_ratchet,0001193125-12-290128_d377132d8k.htm,risk_flag,binary,bool,0,undecidable,undecidable,12,0,12,11,0.0,
flag_full_ratchet,0000950134-02-011491_d99683e8vk.txt,risk_flag,binary,bool,0,undecidable,undecidable,12,1,12,10,0.050000000000000044,
flag_full_ratchet,1082733_000165495426003578,risk_flag,binary,bool,0,undecidable,undecidable,12,1,12,10,0.09999999999999998,
flag_full_ratchet,1103078_000119312505072191,risk_flag,binary,bool,0,undecidable,undecidable,12,0,12,10,0.0,
flag_uncapped_participation,1076103_000091476003000217,risk_flag,binary,bool,0,undecidable,undecidable,12,0,12,11,0.0,
flag_uncapped_participation,1374128_000119312517292995,risk_flag,binary,bool,0,undecidable,undecidable,12,0,12,11,0.0,
flag_uncapped_participation,319458_000143774924026112,risk_flag,binary,bool,0,undecidable,undecidable,12,0,12,11,0.0,
flag_uncapped_participation,1113481_000111348114000003,risk_flag,binary,bool,0,undecidable,undecidable,12,0,12,11,0.0,
flag_uncapped_participation,1200720_000104746904001493,risk_flag,binary,bool,0,undecidable,undecidable,12,1,12,8,0.050000000000000044,
flag_uncapped_participation,1327811_000132781118000039,risk_flag,binary,bool,0,undecidable,undecidable,12,1,12,11,0.08333333333333337,
flag_uncapped_participation,1344413_000089161805000914,risk_flag,binary,bool,0,undecidable,undecidable,12,0,12,11,0.0,
flag_uncapped_participation,1447599_000119312515209758,risk_flag,binary,bool,0,undecidable,undecidable,12,0,12,11,0.0,
flag_uncapped_participation,1053148_000095014401503351,risk_flag,binary,bool,0,undecidable,undecidable,12,1,12,10,0.050000000000000044,
flag_uncapped_participation,1067837_000119312515255977,risk_flag,binary,bool,0,undecidable,undecidable,12,0,12,11,0.0,
flag_uncapped_participation,1119700_000114420405033377,risk_flag,binary,bool,0,undecidable,undecidable,12,2,12,9,0.7,
flag_missing_pro_rata,xcyte_waiver,risk_flag,binary,bool,0,undecidable,undecidable,12,1,12,11,0.16666666666666663,
flag_missing_pro_rata,rapid7_waiver,risk_flag,binary,bool,0,undecidable,undecidable,12,2,12,10,0.30789473684210533,
flag_missing_pro_rata,greenfield_grant,risk_flag,binary,bool,0,undecidable,undecidable,12,0,12,10,0.0,
flag_missing_pro_rata,soshydration_grant,risk_flag,binary,bool,0,undecidable,undecidable,12,1,12,11,0.44999999999999996,
flag_internal_inconsistency,actelis_consistent,risk_flag,binary,bool,0,undecidable,undecidable,12,3,12,9,0.75,
flag_internal_inconsistency,castlebio_consistent,risk_flag,binary,bool,0,undecidable,undecidable,12,1,12,11,0.30000000000000004,
flag_internal_inconsistency,castlebio_inconsistent,risk_flag,binary,bool,0,undecidable,undecidable,12,1,12,12,0.30000000000000004,
flag_internal_inconsistency,hyrecar_inconsistent,risk_flag,binary,bool,0,undecidable,undecidable,12,2,12,12,0.10000000000000009,
flag_internal_inconsistency,ignentertainment_inconsistent,risk_flag,binary,bool,0,undecidable,undecidable,12,1,12,11,0.30000000000000004,
