model,leaf,family,field,n_items,n_instances,n_runs,flipped,wobble,dropped,absent,parse_failure_rate
gemma3-1b,post_money_valuation,priced_equity,post_money_valuation,4,4,80,0,0.000000,0,0,0.000000
gemma3-1b,pre_vs_post_money,priced_equity,pre_vs_post_money,19,19,380,19,1.000000,0,0,0.010526
gemma3-1b,price_per_share,priced_equity,price_per_share,8,8,160,3,0.375000,0,0,0.000000
gemma3-1b,round_size,priced_equity,round_size,10,10,200,5,0.500000,0,0,0.005000
gemma3-1b,per_investor_allocation,priced_equity,per_investor_allocation,5,5,100,1,0.200000,0,0,0.030000
gemma3-1b,liquidation_preference_multiple,priced_equity,liquidation_preference_multiple,9,9,180,6,0.666667,0,0,0.011111
gemma3-1b,participation_type,priced_equity,participation_type,18,18,360,15,0.833333,0,0,0.055556
gemma3-1b,participation_cap,priced_equity,participation_cap,3,3,60,0,0.000000,0,0,0.000000
gemma3-1b,preference_seniority,priced_equity,preference_seniority,11,11,220,5,0.454545,0,0,0.022727
gemma3-1b,dividend_rate_pct,priced_equity,dividend_rate_pct,6,6,120,2,0.333333,0,0,0.041667
gemma3-1b,dividend_cumulative,priced_equity,dividend_cumulative,16,16,320,7,0.437500,0,0,0.000000
gemma3-1b,antidilution_type,priced_equity,antidilution_type,5,5,100,1,0.200000,0,0,0.000000
gemma3-1b,antidilution_base,priced_equity,antidilution_base,10,10,200,4,0.400000,0,0,0.005000
gemma3-1b,conversion_ratio,priced_equity,conversion_ratio,5,5,100,1,0.200000,0,0,0.010000
gemma3-1b,auto_conversion_trigger,priced_equity,auto_conversion_trigger,5,5,100,0,0.000000,0,0,0.000000
gemma3-1b,redemption_rights,priced_equity,redemption_rights,10,10,200,2,0.200000,0,0,0.000000
gemma3-1b,safe_valuation_cap,convertibles,safe_valuation_cap,8,8,160,3,0.375000,0,0,0.062500
gemma3-1b,safe_discount_rate,convertibles,safe_discount_rate,9,9,180,4,0.444444,0,0,0.000000
gemma3-1b,safe_cap_vs_discount_applies,convertibles,safe_cap_vs_discount_applies,13,13,260,7,0.538462,0,0,0.030769
gemma3-1b,safe_pre_post,convertibles,safe_cap_type,16,16,320,1,0.062500,0,0,0.000000
gemma3-1b,safe_mfn_present,convertibles,safe_mfn_present,7,7,140,2,0.285714,0,0,0.000000
gemma3-1b,safe_pro_rata_side_letter,convertibles,safe_pro_rata_side_letter,15,15,300,5,0.333333,0,0,0.000000
gemma3-1b,note_principal,convertibles,note_principal,7,7,140,0,0.000000,0,0,0.014286
gemma3-1b,note_interest_rate,convertibles,note_interest_rate,6,6,120,0,0.000000,0,0,0.016667
gemma3-1b,note_maturity_date,convertibles,note_maturity_date,4,4,80,2,0.500000,0,0,0.012500
gemma3-1b,note_valuation_cap,convertibles,note_valuation_cap,4,4,80,2,0.500000,0,0,0.062500
gemma3-1b,note_discount,convertibles,note_discount,3,4,80,1,0.333333,0,0,0.275000
gemma3-1b,note_qualified_financing_threshold,convertibles,note_qualified_financing_threshold,2,2,40,1,0.500000,0,0,0.050000
gemma3-1b,current_ownership_pct,cap_table,current_ownership_pct,9,9,180,9,1.000000,0,0,0.016667
gemma3-1b,founder_ownership_pct,cap_table,founder_ownership_pct,3,3,60,3,1.000000,0,0,0.000000
gemma3-1b,investor_ownership_pct,cap_table,investor_ownership_pct,4,4,80,4,1.000000,0,0,0.000000
gemma3-1b,employee_pool_pct,cap_table,employee_pool_pct,1,1,20,1,1.000000,0,0,0.000000
gemma3-1b,option_pool_shuffle,cap_table,option_pool_shuffle,3,3,60,3,1.000000,0,0,0.000000
gemma3-1b,fully_diluted_basis,cap_table,fully_diluted_basis,8,8,160,8,1.000000,0,0,0.050000
gemma3-1b,multi_round_stacked_dilution,cap_table,multi_round_stacked_dilution,5,5,100,4,0.800000,0,0,0.040000
gemma3-1b,liquidation_waterfall_payout,exit_waterfall,liquidation_waterfall_payout,4,4,80,4,1.000000,0,0,0.037500
gemma3-1b,preference_stack_payout,exit_waterfall,preference_stack_payout,2,2,40,2,1.000000,0,0,0.000000
gemma3-1b,convert_vs_preference_decision,exit_waterfall,convert_vs_preference_decision,2,2,40,0,0.000000,0,0,0.000000
gemma3-1b,board_seats_investor,rights_governance,board_seats_investor,9,9,180,4,0.444444,0,0,0.005556
gemma3-1b,protective_provisions,rights_governance,protective_provisions,12,12,240,2,0.166667,0,0,0.000000
gemma3-1b,information_rights,rights_governance,information_rights,12,12,240,2,0.166667,0,0,0.000000
gemma3-1b,pro_rata_rights,rights_governance,pro_rata_rights,12,12,240,4,0.333333,0,0,0.004167
gemma3-1b,rofr_cosale,rights_governance,rofr_cosale,12,12,240,2,0.166667,0,0,0.008333
gemma3-1b,drag_along,rights_governance,drag_along,12,12,240,2,0.166667,0,0,0.008333
gemma3-1b,vesting_acceleration,rights_governance,vesting_acceleration,9,9,180,4,0.444444,0,0,0.000000
gemma3-1b,vesting_schedule,founder_equity,vesting_schedule,9,9,180,2,0.222222,0,0,0.000000
gemma3-1b,cliff_present,founder_equity,cliff_present,12,12,240,2,0.166667,0,0,0.004167
gemma3-1b,acceleration_trigger,founder_equity,acceleration_trigger,13,13,260,6,0.461538,0,0,0.003846
gemma3-1b,option_strike_409a,founder_equity,option_strike_409a,7,7,140,3,0.428571,0,0,0.042857
gemma3-1b,exercise_window,founder_equity,exercise_window,5,5,100,3,0.600000,0,0,0.000000
gemma3-1b,securities_exemption,regulatory,securities_exemption,10,10,200,4,0.400000,0,0,0.145000
gemma3-1b,form_d_fields,regulatory,form_d_field_value,2,2,40,0,0.000000,0,0,0.000000
gemma3-1b,s1_use_of_proceeds,regulatory,s1_use_of_proceeds,5,5,100,5,1.000000,0,0,0.000000
gemma3-1b,s1_risk_factors,regulatory,s1_risk_factors,5,5,100,5,1.000000,0,0,0.030000
gemma3-1b,financial_statement_qa,regulatory,financial_statement_qa,5,5,100,3,0.600000,0,0,0.010000
gemma3-1b,flag_offmarket_liqpref,risk_flag,flag_offmarket_liqpref,10,10,200,4,0.400000,0,0,0.015000
gemma3-1b,flag_full_ratchet,risk_flag,flag_full_ratchet,7,7,140,2,0.285714,0,0,0.000000
gemma3-1b,flag_uncapped_participation,risk_flag,flag_uncapped_participation,13,13,260,1,0.076923,0,0,0.019231
gemma3-1b,flag_missing_pro_rata,risk_flag,flag_missing_pro_rata,4,4,80,2,0.500000,0,0,0.000000
gemma3-1b,flag_internal_inconsistency,risk_flag,flag_internal_inconsistency,5,5,100,0,0.000000,0,0,0.000000
deepseek-v4f,post_money_valuation,priced_equity,post_money_valuation,4,4,80,0,0.000000,0,0,0.000000
deepseek-v4f,pre_vs_post_money,priced_equity,pre_vs_post_money,19,19,380,0,0.000000,0,0,0.000000
deepseek-v4f,price_per_share,priced_equity,price_per_share,8,8,160,0,0.000000,0,0,0.081250
deepseek-v4f,round_size,priced_equity,round_size,10,10,200,0,0.000000,0,0,0.000000
deepseek-v4f,per_investor_allocation,priced_equity,per_investor_allocation,5,5,100,0,0.000000,0,0,0.200000
deepseek-v4f,liquidation_preference_multiple,priced_equity,liquidation_preference_multiple,9,9,180,3,0.333333,0,0,0.000000
deepseek-v4f,participation_type,priced_equity,participation_type,18,18,360,2,0.111111,0,0,0.050000
deepseek-v4f,participation_cap,priced_equity,participation_cap,3,3,60,0,0.000000,0,0,0.000000
deepseek-v4f,preference_seniority,priced_equity,preference_seniority,11,11,220,0,0.000000,0,0,0.000000
deepseek-v4f,dividend_rate_pct,priced_equity,dividend_rate_pct,6,6,120,0,0.000000,0,0,0.000000
deepseek-v4f,dividend_cumulative,priced_equity,dividend_cumulative,16,16,320,0,0.000000,0,0,0.000000
deepseek-v4f,antidilution_type,priced_equity,antidilution_type,5,5,100,0,0.000000,0,0,0.000000
deepseek-v4f,antidilution_base,priced_equity,antidilution_base,10,10,200,0,0.000000,0,0,0.000000
deepseek-v4f,conversion_ratio,priced_equity,conversion_ratio,5,5,100,1,0.200000,0,0,0.000000
deepseek-v4f,auto_conversion_trigger,priced_equity,auto_conversion_trigger,5,5,100,0,0.000000,0,0,0.000000
deepseek-v4f,redemption_rights,priced_equity,redemption_rights,10,10,200,1,0.100000,0,0,0.000000
deepseek-v4f,safe_valuation_cap,convertibles,safe_valuation_cap,8,8,160,0,0.000000,0,0,0.000000
deepseek-v4f,safe_discount_rate,convertibles,safe_discount_rate,9,9,180,0,0.000000,0,0,0.000000
deepseek-v4f,safe_cap_vs_discount_applies,convertibles,safe_cap_vs_discount_applies,13,13,260,1,0.076923,0,0,0.150000
deepseek-v4f,safe_pre_post,convertibles,safe_cap_type,16,16,320,3,0.187500,0,0,0.000000
deepseek-v4f,safe_mfn_present,convertibles,safe_mfn_present,7,7,140,0,0.000000,0,0,0.000000
deepseek-v4f,safe_pro_rata_side_letter,convertibles,safe_pro_rata_side_letter,15,15,300,0,0.000000,0,0,0.000000
deepseek-v4f,note_principal,convertibles,note_principal,7,7,140,0,0.000000,0,0,0.000000
deepseek-v4f,note_interest_rate,convertibles,note_interest_rate,6,6,120,0,0.000000,0,0,0.000000
deepseek-v4f,note_maturity_date,convertibles,note_maturity_date,4,4,80,0,0.000000,0,0,0.000000
deepseek-v4f,note_valuation_cap,convertibles,note_valuation_cap,4,4,80,0,0.000000,0,0,0.000000
deepseek-v4f,note_discount,convertibles,note_discount,4,4,80,0,0.000000,0,0,0.000000
deepseek-v4f,note_qualified_financing_threshold,convertibles,note_qualified_financing_threshold,2,2,40,0,0.000000,0,0,0.000000
deepseek-v4f,current_ownership_pct,cap_table,current_ownership_pct,9,9,180,0,0.000000,0,0,0.005556
deepseek-v4f,founder_ownership_pct,cap_table,founder_ownership_pct,3,3,60,0,0.000000,0,0,0.000000
deepseek-v4f,investor_ownership_pct,cap_table,investor_ownership_pct,4,4,80,0,0.000000,0,0,0.000000
deepseek-v4f,employee_pool_pct,cap_table,employee_pool_pct,1,1,20,0,0.000000,0,0,0.000000
deepseek-v4f,option_pool_shuffle,cap_table,option_pool_shuffle,3,3,60,2,0.666667,0,0,0.266667
deepseek-v4f,fully_diluted_basis,cap_table,fully_diluted_basis,8,8,160,0,0.000000,0,0,0.000000
deepseek-v4f,multi_round_stacked_dilution,cap_table,multi_round_stacked_dilution,5,5,100,0,0.000000,0,0,0.000000
deepseek-v4f,liquidation_waterfall_payout,exit_waterfall,liquidation_waterfall_payout,4,4,80,1,0.250000,0,0,0.225000
deepseek-v4f,preference_stack_payout,exit_waterfall,preference_stack_payout,2,2,40,0,0.000000,0,0,0.000000
deepseek-v4f,convert_vs_preference_decision,exit_waterfall,convert_vs_preference_decision,2,2,40,0,0.000000,0,0,0.000000
deepseek-v4f,board_seats_investor,rights_governance,board_seats_investor,9,9,180,1,0.111111,0,0,0.000000
deepseek-v4f,protective_provisions,rights_governance,protective_provisions,12,12,240,0,0.000000,0,0,0.000000
deepseek-v4f,information_rights,rights_governance,information_rights,12,12,240,0,0.000000,0,0,0.000000
deepseek-v4f,pro_rata_rights,rights_governance,pro_rata_rights,12,12,240,1,0.083333,0,0,0.000000
deepseek-v4f,rofr_cosale,rights_governance,rofr_cosale,12,12,240,2,0.166667,0,0,0.000000
deepseek-v4f,drag_along,rights_governance,drag_along,12,12,240,1,0.083333,0,0,0.000000
deepseek-v4f,vesting_acceleration,rights_governance,vesting_acceleration,9,9,180,0,0.000000,0,0,0.000000
deepseek-v4f,vesting_schedule,founder_equity,vesting_schedule,9,9,180,1,0.111111,0,0,0.000000
deepseek-v4f,cliff_present,founder_equity,cliff_present,12,12,240,0,0.000000,0,0,0.000000
deepseek-v4f,acceleration_trigger,founder_equity,acceleration_trigger,13,13,260,0,0.000000,0,0,0.000000
deepseek-v4f,option_strike_409a,founder_equity,option_strike_409a,7,7,140,0,0.000000,0,0,0.000000
deepseek-v4f,exercise_window,founder_equity,exercise_window,5,5,100,0,0.000000,0,0,0.000000
deepseek-v4f,securities_exemption,regulatory,securities_exemption,10,10,200,3,0.300000,0,0,0.000000
deepseek-v4f,form_d_fields,regulatory,form_d_field_value,2,2,40,0,0.000000,0,0,0.000000
deepseek-v4f,s1_use_of_proceeds,regulatory,s1_use_of_proceeds,5,5,100,0,0.000000,0,0,0.000000
deepseek-v4f,s1_risk_factors,regulatory,s1_risk_factors,5,5,100,0,0.000000,0,0,0.000000
deepseek-v4f,financial_statement_qa,regulatory,financial_statement_qa,5,5,100,1,0.200000,0,0,0.000000
deepseek-v4f,flag_offmarket_liqpref,risk_flag,flag_offmarket_liqpref,10,10,200,1,0.100000,0,0,0.000000
deepseek-v4f,flag_full_ratchet,risk_flag,flag_full_ratchet,7,7,140,0,0.000000,0,0,0.000000
deepseek-v4f,flag_uncapped_participation,risk_flag,flag_uncapped_participation,13,13,260,1,0.076923,0,0,0.000000
deepseek-v4f,flag_missing_pro_rata,risk_flag,flag_missing_pro_rata,4,4,80,1,0.250000,0,0,0.000000
deepseek-v4f,flag_internal_inconsistency,risk_flag,flag_internal_inconsistency,5,5,100,0,0.000000,0,0,0.000000
deepseek-v4p,post_money_valuation,priced_equity,post_money_valuation,4,4,80,0,0.000000,0,0,0.000000
deepseek-v4p,pre_vs_post_money,priced_equity,pre_vs_post_money,19,19,380,1,0.052632,0,0,0.000000
deepseek-v4p,price_per_share,priced_equity,price_per_share,8,8,160,0,0.000000,0,0,0.000000
deepseek-v4p,round_size,priced_equity,round_size,10,10,200,0,0.000000,0,0,0.000000
deepseek-v4p,per_investor_allocation,priced_equity,per_investor_allocation,5,5,100,0,0.000000,0,0,0.000000
deepseek-v4p,liquidation_preference_multiple,priced_equity,liquidation_preference_multiple,9,9,180,1,0.111111,0,0,0.000000
deepseek-v4p,participation_type,priced_equity,participation_type,18,18,360,0,0.000000,0,0,0.000000
deepseek-v4p,participation_cap,priced_equity,participation_cap,3,3,60,0,0.000000,0,0,0.000000
deepseek-v4p,preference_seniority,priced_equity,preference_seniority,11,11,220,0,0.000000,0,0,0.000000
deepseek-v4p,dividend_rate_pct,priced_equity,dividend_rate_pct,6,6,120,0,0.000000,0,0,0.000000
deepseek-v4p,dividend_cumulative,priced_equity,dividend_cumulative,16,16,320,0,0.000000,0,0,0.000000
deepseek-v4p,antidilution_type,priced_equity,antidilution_type,5,5,100,0,0.000000,0,0,0.000000
deepseek-v4p,antidilution_base,priced_equity,antidilution_base,10,10,200,0,0.000000,0,0,0.000000
deepseek-v4p,conversion_ratio,priced_equity,conversion_ratio,5,5,100,1,0.200000,0,0,0.000000
deepseek-v4p,auto_conversion_trigger,priced_equity,auto_conversion_trigger,5,5,100,0,0.000000,0,0,0.000000
deepseek-v4p,redemption_rights,priced_equity,redemption_rights,10,10,200,1,0.100000,0,0,0.000000
deepseek-v4p,safe_valuation_cap,convertibles,safe_valuation_cap,8,8,160,0,0.000000,0,0,0.000000
deepseek-v4p,safe_discount_rate,convertibles,safe_discount_rate,9,9,180,0,0.000000,0,0,0.000000
deepseek-v4p,safe_cap_vs_discount_applies,convertibles,safe_cap_vs_discount_applies,13,13,260,4,0.307692,0,0,0.000000
deepseek-v4p,safe_pre_post,convertibles,safe_cap_type,16,16,320,3,0.187500,0,0,0.000000
deepseek-v4p,safe_mfn_present,convertibles,safe_mfn_present,7,7,140,0,0.000000,0,0,0.000000
deepseek-v4p,safe_pro_rata_side_letter,convertibles,safe_pro_rata_side_letter,15,15,300,0,0.000000,0,0,0.000000
deepseek-v4p,note_principal,convertibles,note_principal,7,7,140,0,0.000000,0,0,0.000000
deepseek-v4p,note_interest_rate,convertibles,note_interest_rate,6,6,120,0,0.000000,0,0,0.000000
deepseek-v4p,note_maturity_date,convertibles,note_maturity_date,3,4,80,0,0.000000,0,0,0.000000
deepseek-v4p,note_valuation_cap,convertibles,note_valuation_cap,4,4,80,0,0.000000,0,0,0.000000
deepseek-v4p,note_discount,convertibles,note_discount,4,4,80,0,0.000000,0,0,0.000000
deepseek-v4p,note_qualified_financing_threshold,convertibles,note_qualified_financing_threshold,2,2,40,0,0.000000,0,0,0.000000
deepseek-v4p,current_ownership_pct,cap_table,current_ownership_pct,9,9,180,0,0.000000,0,0,0.000000
deepseek-v4p,founder_ownership_pct,cap_table,founder_ownership_pct,3,3,60,0,0.000000,0,0,0.000000
deepseek-v4p,investor_ownership_pct,cap_table,investor_ownership_pct,4,4,80,0,0.000000,0,0,0.000000
deepseek-v4p,employee_pool_pct,cap_table,employee_pool_pct,1,1,20,0,0.000000,0,0,0.000000
deepseek-v4p,option_pool_shuffle,cap_table,option_pool_shuffle,3,3,60,0,0.000000,0,0,0.000000
deepseek-v4p,fully_diluted_basis,cap_table,fully_diluted_basis,8,8,160,0,0.000000,0,0,0.000000
deepseek-v4p,multi_round_stacked_dilution,cap_table,multi_round_stacked_dilution,5,5,100,0,0.000000,0,0,0.000000
deepseek-v4p,liquidation_waterfall_payout,exit_waterfall,liquidation_waterfall_payout,4,4,80,1,0.250000,0,0,0.000000
deepseek-v4p,preference_stack_payout,exit_waterfall,preference_stack_payout,2,2,40,0,0.000000,0,0,0.000000
deepseek-v4p,convert_vs_preference_decision,exit_waterfall,convert_vs_preference_decision,2,2,40,0,0.000000,0,0,0.000000
deepseek-v4p,board_seats_investor,rights_governance,board_seats_investor,9,9,180,2,0.222222,0,0,0.000000
deepseek-v4p,protective_provisions,rights_governance,protective_provisions,12,12,240,1,0.083333,0,0,0.000000
deepseek-v4p,information_rights,rights_governance,information_rights,12,12,240,0,0.000000,0,0,0.000000
deepseek-v4p,pro_rata_rights,rights_governance,pro_rata_rights,12,12,240,0,0.000000,0,0,0.000000
deepseek-v4p,rofr_cosale,rights_governance,rofr_cosale,12,12,240,0,0.000000,0,0,0.000000
deepseek-v4p,drag_along,rights_governance,drag_along,12,12,240,1,0.083333,0,0,0.000000
deepseek-v4p,vesting_acceleration,rights_governance,vesting_acceleration,9,9,180,0,0.000000,0,0,0.000000
deepseek-v4p,vesting_schedule,founder_equity,vesting_schedule,9,9,180,1,0.111111,0,0,0.000000
deepseek-v4p,cliff_present,founder_equity,cliff_present,12,12,240,1,0.083333,0,0,0.000000
deepseek-v4p,acceleration_trigger,founder_equity,acceleration_trigger,13,13,260,0,0.000000,0,0,0.000000
deepseek-v4p,option_strike_409a,founder_equity,option_strike_409a,7,7,140,0,0.000000,0,0,0.000000
deepseek-v4p,exercise_window,founder_equity,exercise_window,5,5,100,0,0.000000,0,0,0.000000
deepseek-v4p,securities_exemption,regulatory,securities_exemption,10,10,200,0,0.000000,0,0,0.000000
deepseek-v4p,form_d_fields,regulatory,form_d_field_value,2,2,40,1,0.500000,0,0,0.000000
deepseek-v4p,s1_use_of_proceeds,regulatory,s1_use_of_proceeds,5,5,100,1,0.200000,0,0,0.000000
deepseek-v4p,s1_risk_factors,regulatory,s1_risk_factors,5,5,100,0,0.000000,0,0,0.000000
deepseek-v4p,financial_statement_qa,regulatory,financial_statement_qa,5,5,100,0,0.000000,0,0,0.000000
deepseek-v4p,flag_offmarket_liqpref,risk_flag,flag_offmarket_liqpref,10,10,200,0,0.000000,0,0,0.000000
deepseek-v4p,flag_full_ratchet,risk_flag,flag_full_ratchet,7,7,140,0,0.000000,0,0,0.000000
deepseek-v4p,flag_uncapped_participation,risk_flag,flag_uncapped_participation,13,13,260,0,0.000000,0,0,0.000000
deepseek-v4p,flag_missing_pro_rata,risk_flag,flag_missing_pro_rata,4,4,80,0,0.000000,0,0,0.000000
deepseek-v4p,flag_internal_inconsistency,risk_flag,flag_internal_inconsistency,5,5,100,1,0.200000,0,0,0.000000
gemma4-31b-or,post_money_valuation,priced_equity,post_money_valuation,4,4,80,0,0.000000,0,0,0.000000
gemma4-31b-or,pre_vs_post_money,priced_equity,pre_vs_post_money,19,19,380,0,0.000000,0,0,0.000000
gemma4-31b-or,price_per_share,priced_equity,price_per_share,8,8,160,1,0.125000,0,0,0.000000
gemma4-31b-or,round_size,priced_equity,round_size,10,10,200,0,0.000000,0,0,0.000000
gemma4-31b-or,per_investor_allocation,priced_equity,per_investor_allocation,5,5,100,0,0.000000,0,0,0.000000
gemma4-31b-or,liquidation_preference_multiple,priced_equity,liquidation_preference_multiple,9,9,180,0,0.000000,0,0,0.000000
gemma4-31b-or,participation_type,priced_equity,participation_type,18,18,360,0,0.000000,0,0,0.000000
gemma4-31b-or,participation_cap,priced_equity,participation_cap,3,3,60,0,0.000000,0,0,0.000000
gemma4-31b-or,preference_seniority,priced_equity,preference_seniority,11,11,220,0,0.000000,0,0,0.000000
gemma4-31b-or,dividend_rate_pct,priced_equity,dividend_rate_pct,6,6,120,0,0.000000,0,0,0.000000
gemma4-31b-or,dividend_cumulative,priced_equity,dividend_cumulative,16,16,320,0,0.000000,0,0,0.000000
gemma4-31b-or,antidilution_type,priced_equity,antidilution_type,5,5,100,0,0.000000,0,0,0.000000
gemma4-31b-or,antidilution_base,priced_equity,antidilution_base,10,10,200,0,0.000000,0,0,0.000000
gemma4-31b-or,conversion_ratio,priced_equity,conversion_ratio,5,5,100,0,0.000000,0,0,0.000000
gemma4-31b-or,auto_conversion_trigger,priced_equity,auto_conversion_trigger,5,5,100,0,0.000000,0,0,0.000000
gemma4-31b-or,redemption_rights,priced_equity,redemption_rights,10,10,200,0,0.000000,0,0,0.000000
gemma4-31b-or,safe_valuation_cap,convertibles,safe_valuation_cap,8,8,160,0,0.000000,0,0,0.000000
gemma4-31b-or,safe_discount_rate,convertibles,safe_discount_rate,9,9,180,0,0.000000,0,0,0.000000
gemma4-31b-or,safe_cap_vs_discount_applies,convertibles,safe_cap_vs_discount_applies,13,13,260,0,0.000000,0,0,0.000000
gemma4-31b-or,safe_pre_post,convertibles,safe_cap_type,16,16,320,0,0.000000,0,0,0.000000
gemma4-31b-or,safe_mfn_present,convertibles,safe_mfn_present,7,7,140,0,0.000000,0,0,0.000000
gemma4-31b-or,safe_pro_rata_side_letter,convertibles,safe_pro_rata_side_letter,15,15,300,0,0.000000,0,0,0.000000
gemma4-31b-or,note_principal,convertibles,note_principal,7,7,140,0,0.000000,0,0,0.000000
gemma4-31b-or,note_interest_rate,convertibles,note_interest_rate,6,6,120,0,0.000000,0,0,0.000000
gemma4-31b-or,note_maturity_date,convertibles,note_maturity_date,3,4,80,0,0.000000,0,0,0.000000
gemma4-31b-or,note_valuation_cap,convertibles,note_valuation_cap,4,4,80,0,0.000000,0,0,0.000000
gemma4-31b-or,note_discount,convertibles,note_discount,4,4,80,0,0.000000,0,0,0.000000
gemma4-31b-or,note_qualified_financing_threshold,convertibles,note_qualified_financing_threshold,2,2,40,0,0.000000,0,0,0.000000
gemma4-31b-or,current_ownership_pct,cap_table,current_ownership_pct,9,9,180,2,0.222222,0,0,0.000000
gemma4-31b-or,founder_ownership_pct,cap_table,founder_ownership_pct,3,3,60,0,0.000000,0,0,0.000000
gemma4-31b-or,investor_ownership_pct,cap_table,investor_ownership_pct,4,4,80,0,0.000000,0,0,0.000000
gemma4-31b-or,employee_pool_pct,cap_table,employee_pool_pct,1,1,20,0,0.000000,0,0,0.000000
gemma4-31b-or,option_pool_shuffle,cap_table,option_pool_shuffle,3,3,60,2,0.666667,0,0,0.000000
gemma4-31b-or,fully_diluted_basis,cap_table,fully_diluted_basis,8,8,160,0,0.000000,0,0,0.000000
gemma4-31b-or,multi_round_stacked_dilution,cap_table,multi_round_stacked_dilution,5,5,100,0,0.000000,0,0,0.000000
gemma4-31b-or,liquidation_waterfall_payout,exit_waterfall,liquidation_waterfall_payout,4,4,80,4,1.000000,0,0,0.000000
gemma4-31b-or,preference_stack_payout,exit_waterfall,preference_stack_payout,2,2,40,0,0.000000,0,0,0.000000
gemma4-31b-or,convert_vs_preference_decision,exit_waterfall,convert_vs_preference_decision,2,2,40,0,0.000000,0,0,0.000000
gemma4-31b-or,board_seats_investor,rights_governance,board_seats_investor,9,9,180,3,0.333333,0,0,0.000000
gemma4-31b-or,protective_provisions,rights_governance,protective_provisions,12,12,240,0,0.000000,0,0,0.000000
gemma4-31b-or,information_rights,rights_governance,information_rights,12,12,240,1,0.083333,0,0,0.000000
gemma4-31b-or,pro_rata_rights,rights_governance,pro_rata_rights,12,12,240,0,0.000000,0,0,0.000000
gemma4-31b-or,rofr_cosale,rights_governance,rofr_cosale,12,12,240,0,0.000000,0,0,0.000000
gemma4-31b-or,drag_along,rights_governance,drag_along,12,12,240,0,0.000000,0,0,0.000000
gemma4-31b-or,vesting_acceleration,rights_governance,vesting_acceleration,9,9,180,0,0.000000,0,0,0.000000
gemma4-31b-or,vesting_schedule,founder_equity,vesting_schedule,9,9,180,0,0.000000,0,0,0.000000
gemma4-31b-or,cliff_present,founder_equity,cliff_present,12,12,240,0,0.000000,0,0,0.000000
gemma4-31b-or,acceleration_trigger,founder_equity,acceleration_trigger,13,13,260,0,0.000000,0,0,0.000000
gemma4-31b-or,option_strike_409a,founder_equity,option_strike_409a,7,7,140,0,0.000000,0,0,0.000000
gemma4-31b-or,exercise_window,founder_equity,exercise_window,5,5,100,0,0.000000,0,0,0.000000
gemma4-31b-or,securities_exemption,regulatory,securities_exemption,10,10,200,0,0.000000,0,0,0.000000
gemma4-31b-or,form_d_fields,regulatory,form_d_field_value,2,2,40,0,0.000000,0,0,0.000000
gemma4-31b-or,s1_use_of_proceeds,regulatory,s1_use_of_proceeds,5,5,100,1,0.200000,0,0,0.000000
gemma4-31b-or,s1_risk_factors,regulatory,s1_risk_factors,5,5,100,0,0.000000,0,0,0.000000
gemma4-31b-or,financial_statement_qa,regulatory,financial_statement_qa,5,5,100,0,0.000000,0,0,0.000000
gemma4-31b-or,flag_offmarket_liqpref,risk_flag,flag_offmarket_liqpref,10,10,200,0,0.000000,0,0,0.000000
gemma4-31b-or,flag_full_ratchet,risk_flag,flag_full_ratchet,7,7,140,0,0.000000,0,0,0.000000
gemma4-31b-or,flag_uncapped_participation,risk_flag,flag_uncapped_participation,13,13,260,0,0.000000,0,0,0.000000
gemma4-31b-or,flag_missing_pro_rata,risk_flag,flag_missing_pro_rata,4,4,80,0,0.000000,0,0,0.000000
gemma4-31b-or,flag_internal_inconsistency,risk_flag,flag_internal_inconsistency,5,5,100,0,0.000000,0,0,0.000000
mistral-large-or,post_money_valuation,priced_equity,post_money_valuation,4,4,80,0,0.000000,0,0,0.000000
mistral-large-or,pre_vs_post_money,priced_equity,pre_vs_post_money,19,19,380,0,0.000000,0,0,0.000000
mistral-large-or,price_per_share,priced_equity,price_per_share,8,8,160,0,0.000000,0,0,0.000000
mistral-large-or,round_size,priced_equity,round_size,10,10,200,0,0.000000,0,0,0.000000
mistral-large-or,per_investor_allocation,priced_equity,per_investor_allocation,5,5,100,0,0.000000,0,0,0.000000
mistral-large-or,liquidation_preference_multiple,priced_equity,liquidation_preference_multiple,9,9,180,1,0.111111,0,0,0.000000
mistral-large-or,participation_type,priced_equity,participation_type,18,18,360,1,0.055556,0,0,0.000000
mistral-large-or,participation_cap,priced_equity,participation_cap,3,3,60,0,0.000000,0,0,0.000000
mistral-large-or,preference_seniority,priced_equity,preference_seniority,11,11,220,0,0.000000,0,0,0.000000
mistral-large-or,dividend_rate_pct,priced_equity,dividend_rate_pct,6,6,120,0,0.000000,0,0,0.000000
mistral-large-or,dividend_cumulative,priced_equity,dividend_cumulative,16,16,320,0,0.000000,0,0,0.000000
mistral-large-or,antidilution_type,priced_equity,antidilution_type,5,5,100,0,0.000000,0,0,0.000000
mistral-large-or,antidilution_base,priced_equity,antidilution_base,10,10,200,0,0.000000,0,0,0.000000
mistral-large-or,conversion_ratio,priced_equity,conversion_ratio,5,5,100,0,0.000000,0,0,0.000000
mistral-large-or,auto_conversion_trigger,priced_equity,auto_conversion_trigger,5,5,100,0,0.000000,0,0,0.000000
mistral-large-or,redemption_rights,priced_equity,redemption_rights,10,10,200,1,0.100000,0,0,0.000000
mistral-large-or,safe_valuation_cap,convertibles,safe_valuation_cap,8,8,160,0,0.000000,0,0,0.000000
mistral-large-or,safe_discount_rate,convertibles,safe_discount_rate,9,9,180,0,0.000000,0,0,0.000000
mistral-large-or,safe_cap_vs_discount_applies,convertibles,safe_cap_vs_discount_applies,13,13,260,0,0.000000,0,0,0.000000
mistral-large-or,safe_pre_post,convertibles,safe_cap_type,16,16,320,0,0.000000,0,0,0.000000
mistral-large-or,safe_mfn_present,convertibles,safe_mfn_present,7,7,140,0,0.000000,0,0,0.000000
mistral-large-or,safe_pro_rata_side_letter,convertibles,safe_pro_rata_side_letter,15,15,300,0,0.000000,0,0,0.000000
mistral-large-or,note_principal,convertibles,note_principal,7,7,140,0,0.000000,0,0,0.000000
mistral-large-or,note_interest_rate,convertibles,note_interest_rate,6,6,120,0,0.000000,0,0,0.000000
mistral-large-or,note_maturity_date,convertibles,note_maturity_date,4,4,80,0,0.000000,0,0,0.000000
mistral-large-or,note_valuation_cap,convertibles,note_valuation_cap,4,4,80,0,0.000000,0,0,0.000000
mistral-large-or,note_discount,convertibles,note_discount,4,4,80,0,0.000000,0,0,0.000000
mistral-large-or,note_qualified_financing_threshold,convertibles,note_qualified_financing_threshold,2,2,40,0,0.000000,0,0,0.000000
mistral-large-or,current_ownership_pct,cap_table,current_ownership_pct,9,9,180,0,0.000000,0,0,0.000000
mistral-large-or,founder_ownership_pct,cap_table,founder_ownership_pct,3,3,60,0,0.000000,0,0,0.000000
mistral-large-or,investor_ownership_pct,cap_table,investor_ownership_pct,4,4,80,0,0.000000,0,0,0.000000
mistral-large-or,employee_pool_pct,cap_table,employee_pool_pct,1,1,20,0,0.000000,0,0,0.000000
mistral-large-or,option_pool_shuffle,cap_table,option_pool_shuffle,3,3,60,1,0.333333,0,0,0.000000
mistral-large-or,fully_diluted_basis,cap_table,fully_diluted_basis,8,8,160,0,0.000000,0,0,0.000000
mistral-large-or,multi_round_stacked_dilution,cap_table,multi_round_stacked_dilution,5,5,100,0,0.000000,0,0,0.000000
mistral-large-or,liquidation_waterfall_payout,exit_waterfall,liquidation_waterfall_payout,4,4,80,2,0.500000,0,0,0.000000
mistral-large-or,preference_stack_payout,exit_waterfall,preference_stack_payout,2,2,40,0,0.000000,0,0,0.000000
mistral-large-or,convert_vs_preference_decision,exit_waterfall,convert_vs_preference_decision,2,2,40,0,0.000000,0,0,0.000000
mistral-large-or,board_seats_investor,rights_governance,board_seats_investor,9,9,180,2,0.222222,0,0,0.000000
mistral-large-or,protective_provisions,rights_governance,protective_provisions,12,12,240,0,0.000000,0,0,0.000000
mistral-large-or,information_rights,rights_governance,information_rights,12,12,240,0,0.000000,0,0,0.000000
mistral-large-or,pro_rata_rights,rights_governance,pro_rata_rights,12,12,240,1,0.083333,0,0,0.000000
mistral-large-or,rofr_cosale,rights_governance,rofr_cosale,12,12,240,0,0.000000,0,0,0.000000
mistral-large-or,drag_along,rights_governance,drag_along,12,12,240,0,0.000000,0,0,0.000000
mistral-large-or,vesting_acceleration,rights_governance,vesting_acceleration,9,9,180,0,0.000000,0,0,0.000000
mistral-large-or,vesting_schedule,founder_equity,vesting_schedule,9,9,180,1,0.111111,0,0,0.000000
mistral-large-or,cliff_present,founder_equity,cliff_present,12,12,240,0,0.000000,0,0,0.000000
mistral-large-or,acceleration_trigger,founder_equity,acceleration_trigger,13,13,260,0,0.000000,0,0,0.000000
mistral-large-or,option_strike_409a,founder_equity,option_strike_409a,7,7,140,0,0.000000,0,0,0.000000
mistral-large-or,exercise_window,founder_equity,exercise_window,5,5,100,2,0.400000,0,0,0.000000
mistral-large-or,securities_exemption,regulatory,securities_exemption,10,10,200,0,0.000000,0,0,0.000000
mistral-large-or,form_d_fields,regulatory,form_d_field_value,2,2,40,0,0.000000,0,0,0.000000
mistral-large-or,s1_use_of_proceeds,regulatory,s1_use_of_proceeds,5,5,100,1,0.200000,0,0,0.000000
mistral-large-or,s1_risk_factors,regulatory,s1_risk_factors,5,5,100,0,0.000000,0,0,0.000000
mistral-large-or,financial_statement_qa,regulatory,financial_statement_qa,5,5,100,1,0.200000,0,0,0.000000
mistral-large-or,flag_offmarket_liqpref,risk_flag,flag_offmarket_liqpref,10,10,200,0,0.000000,0,0,0.000000
mistral-large-or,flag_full_ratchet,risk_flag,flag_full_ratchet,7,7,140,0,0.000000,0,0,0.000000
mistral-large-or,flag_uncapped_participation,risk_flag,flag_uncapped_participation,13,13,260,0,0.000000,0,0,0.000000
mistral-large-or,flag_missing_pro_rata,risk_flag,flag_missing_pro_rata,4,4,80,0,0.000000,0,0,0.000000
mistral-large-or,flag_internal_inconsistency,risk_flag,flag_internal_inconsistency,5,5,100,1,0.200000,0,0,0.000000
minimax-m2.5-or,post_money_valuation,priced_equity,post_money_valuation,4,4,80,0,0.000000,0,0,0.000000
minimax-m2.5-or,pre_vs_post_money,priced_equity,pre_vs_post_money,19,19,380,0,0.000000,0,0,0.081579
minimax-m2.5-or,price_per_share,priced_equity,price_per_share,8,8,160,0,0.000000,0,0,0.056250
minimax-m2.5-or,round_size,priced_equity,round_size,10,10,200,0,0.000000,0,0,0.000000
minimax-m2.5-or,per_investor_allocation,priced_equity,per_investor_allocation,5,5,100,2,0.400000,0,0,0.130000
minimax-m2.5-or,liquidation_preference_multiple,priced_equity,liquidation_preference_multiple,9,9,180,0,0.000000,0,0,0.122222
minimax-m2.5-or,participation_type,priced_equity,participation_type,18,18,360,2,0.111111,0,0,0.002778
minimax-m2.5-or,participation_cap,priced_equity,participation_cap,3,3,60,0,0.000000,0,0,0.016667
minimax-m2.5-or,preference_seniority,priced_equity,preference_seniority,11,11,220,1,0.090909,0,0,0.181818
minimax-m2.5-or,dividend_rate_pct,priced_equity,dividend_rate_pct,6,6,120,0,0.000000,0,0,0.008333
minimax-m2.5-or,dividend_cumulative,priced_equity,dividend_cumulative,16,16,320,0,0.000000,0,0,0.000000
minimax-m2.5-or,antidilution_type,priced_equity,antidilution_type,5,5,100,0,0.000000,0,0,0.000000
minimax-m2.5-or,antidilution_base,priced_equity,antidilution_base,10,10,200,0,0.000000,0,0,0.025000
minimax-m2.5-or,conversion_ratio,priced_equity,conversion_ratio,5,5,100,0,0.000000,0,0,0.170000
minimax-m2.5-or,auto_conversion_trigger,priced_equity,auto_conversion_trigger,5,5,100,0,0.000000,0,0,0.030000
minimax-m2.5-or,redemption_rights,priced_equity,redemption_rights,10,10,200,1,0.100000,0,0,0.065000
minimax-m2.5-or,safe_valuation_cap,convertibles,safe_valuation_cap,8,8,160,0,0.000000,0,0,0.012500
minimax-m2.5-or,safe_discount_rate,convertibles,safe_discount_rate,9,9,180,4,0.444444,0,0,0.038889
minimax-m2.5-or,safe_cap_vs_discount_applies,convertibles,safe_cap_vs_discount_applies,13,13,260,0,0.000000,0,0,0.046154
minimax-m2.5-or,safe_pre_post,convertibles,safe_cap_type,16,16,320,0,0.000000,0,0,0.037500
minimax-m2.5-or,safe_mfn_present,convertibles,safe_mfn_present,7,7,140,0,0.000000,0,0,0.028571
minimax-m2.5-or,safe_pro_rata_side_letter,convertibles,safe_pro_rata_side_letter,15,15,300,0,0.000000,0,0,0.010000
minimax-m2.5-or,note_principal,convertibles,note_principal,7,7,140,0,0.000000,0,0,0.000000
minimax-m2.5-or,note_interest_rate,convertibles,note_interest_rate,6,6,120,0,0.000000,0,0,0.000000
minimax-m2.5-or,note_maturity_date,convertibles,note_maturity_date,4,4,80,0,0.000000,0,0,0.012500
minimax-m2.5-or,note_valuation_cap,convertibles,note_valuation_cap,4,4,80,0,0.000000,0,0,0.000000
minimax-m2.5-or,note_discount,convertibles,note_discount,4,4,80,0,0.000000,0,0,0.112500
minimax-m2.5-or,note_qualified_financing_threshold,convertibles,note_qualified_financing_threshold,2,2,40,0,0.000000,0,0,0.100000
minimax-m2.5-or,current_ownership_pct,cap_table,current_ownership_pct,9,9,180,0,0.000000,0,0,0.000000
minimax-m2.5-or,founder_ownership_pct,cap_table,founder_ownership_pct,3,3,60,0,0.000000,0,0,0.016667
minimax-m2.5-or,investor_ownership_pct,cap_table,investor_ownership_pct,4,4,80,0,0.000000,0,0,0.000000
minimax-m2.5-or,employee_pool_pct,cap_table,employee_pool_pct,1,1,20,1,1.000000,0,0,0.300000
minimax-m2.5-or,option_pool_shuffle,cap_table,option_pool_shuffle,3,3,60,2,0.666667,0,0,0.066667
minimax-m2.5-or,fully_diluted_basis,cap_table,fully_diluted_basis,8,8,160,0,0.000000,0,0,0.018750
minimax-m2.5-or,multi_round_stacked_dilution,cap_table,multi_round_stacked_dilution,5,5,100,0,0.000000,0,0,0.000000
minimax-m2.5-or,liquidation_waterfall_payout,exit_waterfall,liquidation_waterfall_payout,4,4,80,2,0.500000,0,0,0.200000
minimax-m2.5-or,preference_stack_payout,exit_waterfall,preference_stack_payout,2,2,40,1,0.500000,0,0,0.050000
minimax-m2.5-or,convert_vs_preference_decision,exit_waterfall,convert_vs_preference_decision,2,2,40,0,0.000000,0,0,0.050000
minimax-m2.5-or,board_seats_investor,rights_governance,board_seats_investor,9,9,180,4,0.444444,0,0,0.083333
minimax-m2.5-or,protective_provisions,rights_governance,protective_provisions,12,12,240,2,0.166667,0,0,0.104167
minimax-m2.5-or,information_rights,rights_governance,information_rights,12,12,240,0,0.000000,0,0,0.016667
minimax-m2.5-or,pro_rata_rights,rights_governance,pro_rata_rights,12,12,240,1,0.083333,0,0,0.058333
minimax-m2.5-or,rofr_cosale,rights_governance,rofr_cosale,12,12,240,0,0.000000,0,0,0.095833
minimax-m2.5-or,drag_along,rights_governance,drag_along,12,12,240,1,0.083333,0,0,0.100000
minimax-m2.5-or,vesting_acceleration,rights_governance,vesting_acceleration,9,9,180,0,0.000000,0,0,0.000000
minimax-m2.5-or,vesting_schedule,founder_equity,vesting_schedule,9,9,180,1,0.111111,0,0,0.272222
minimax-m2.5-or,cliff_present,founder_equity,cliff_present,12,12,240,2,0.166667,0,0,0.070833
minimax-m2.5-or,acceleration_trigger,founder_equity,acceleration_trigger,13,13,260,0,0.000000,0,0,0.026923
minimax-m2.5-or,option_strike_409a,founder_equity,option_strike_409a,7,7,140,0,0.000000,0,0,0.007143
minimax-m2.5-or,exercise_window,founder_equity,exercise_window,5,5,100,0,0.000000,0,0,0.010000
minimax-m2.5-or,securities_exemption,regulatory,securities_exemption,10,10,200,4,0.400000,0,0,0.240000
minimax-m2.5-or,form_d_fields,regulatory,form_d_field_value,2,2,40,0,0.000000,0,0,0.025000
minimax-m2.5-or,s1_use_of_proceeds,regulatory,s1_use_of_proceeds,5,5,100,2,0.400000,0,0,0.010000
minimax-m2.5-or,s1_risk_factors,regulatory,s1_risk_factors,5,5,100,0,0.000000,0,0,0.000000
minimax-m2.5-or,financial_statement_qa,regulatory,financial_statement_qa,5,5,100,2,0.400000,0,0,0.200000
minimax-m2.5-or,flag_offmarket_liqpref,risk_flag,flag_offmarket_liqpref,10,10,200,0,0.000000,0,0,0.105000
minimax-m2.5-or,flag_full_ratchet,risk_flag,flag_full_ratchet,7,7,140,0,0.000000,0,0,0.028571
minimax-m2.5-or,flag_uncapped_participation,risk_flag,flag_uncapped_participation,13,13,260,0,0.000000,0,0,0.126923
minimax-m2.5-or,flag_missing_pro_rata,risk_flag,flag_missing_pro_rata,4,4,80,0,0.000000,0,0,0.000000
minimax-m2.5-or,flag_internal_inconsistency,risk_flag,flag_internal_inconsistency,5,5,100,0,0.000000,0,0,0.000000
llama3.3-70b-or,post_money_valuation,priced_equity,post_money_valuation,4,4,80,0,0.000000,0,0,0.000000
llama3.3-70b-or,pre_vs_post_money,priced_equity,pre_vs_post_money,19,19,380,0,0.000000,0,0,0.000000
llama3.3-70b-or,price_per_share,priced_equity,price_per_share,8,8,160,0,0.000000,0,0,0.000000
llama3.3-70b-or,round_size,priced_equity,round_size,10,10,200,0,0.000000,0,0,0.000000
llama3.3-70b-or,per_investor_allocation,priced_equity,per_investor_allocation,5,5,100,0,0.000000,0,0,0.000000
llama3.3-70b-or,liquidation_preference_multiple,priced_equity,liquidation_preference_multiple,9,9,180,1,0.111111,0,0,0.000000
llama3.3-70b-or,participation_type,priced_equity,participation_type,18,18,360,2,0.111111,0,0,0.000000
llama3.3-70b-or,participation_cap,priced_equity,participation_cap,3,3,60,0,0.000000,0,0,0.000000
llama3.3-70b-or,preference_seniority,priced_equity,preference_seniority,11,11,220,0,0.000000,0,0,0.000000
llama3.3-70b-or,dividend_rate_pct,priced_equity,dividend_rate_pct,6,6,120,0,0.000000,0,0,0.000000
llama3.3-70b-or,dividend_cumulative,priced_equity,dividend_cumulative,16,16,320,0,0.000000,0,0,0.000000
llama3.3-70b-or,antidilution_type,priced_equity,antidilution_type,5,5,100,0,0.000000,0,0,0.000000
llama3.3-70b-or,antidilution_base,priced_equity,antidilution_base,10,10,200,0,0.000000,0,0,0.000000
llama3.3-70b-or,conversion_ratio,priced_equity,conversion_ratio,5,5,100,0,0.000000,0,0,0.000000
llama3.3-70b-or,auto_conversion_trigger,priced_equity,auto_conversion_trigger,5,5,100,0,0.000000,0,0,0.000000
llama3.3-70b-or,redemption_rights,priced_equity,redemption_rights,10,10,200,0,0.000000,0,0,0.000000
llama3.3-70b-or,safe_valuation_cap,convertibles,safe_valuation_cap,8,8,160,0,0.000000,0,0,0.000000
llama3.3-70b-or,safe_discount_rate,convertibles,safe_discount_rate,9,9,180,0,0.000000,0,0,0.000000
llama3.3-70b-or,safe_cap_vs_discount_applies,convertibles,safe_cap_vs_discount_applies,13,13,260,0,0.000000,0,0,0.000000
llama3.3-70b-or,safe_pre_post,convertibles,safe_cap_type,16,16,320,0,0.000000,0,0,0.000000
llama3.3-70b-or,safe_mfn_present,convertibles,safe_mfn_present,7,7,140,0,0.000000,0,0,0.000000
llama3.3-70b-or,safe_pro_rata_side_letter,convertibles,safe_pro_rata_side_letter,15,15,300,0,0.000000,0,0,0.000000
llama3.3-70b-or,note_principal,convertibles,note_principal,7,7,140,0,0.000000,0,0,0.000000
llama3.3-70b-or,note_interest_rate,convertibles,note_interest_rate,6,6,120,0,0.000000,0,0,0.000000
llama3.3-70b-or,note_maturity_date,convertibles,note_maturity_date,3,4,80,0,0.000000,0,0,0.000000
llama3.3-70b-or,note_valuation_cap,convertibles,note_valuation_cap,4,4,80,0,0.000000,0,0,0.000000
llama3.3-70b-or,note_discount,convertibles,note_discount,4,4,80,0,0.000000,0,0,0.000000
llama3.3-70b-or,note_qualified_financing_threshold,convertibles,note_qualified_financing_threshold,2,2,40,0,0.000000,0,0,0.000000
llama3.3-70b-or,current_ownership_pct,cap_table,current_ownership_pct,9,9,180,0,0.000000,0,0,0.000000
llama3.3-70b-or,founder_ownership_pct,cap_table,founder_ownership_pct,3,3,60,0,0.000000,0,0,0.000000
llama3.3-70b-or,investor_ownership_pct,cap_table,investor_ownership_pct,4,4,80,0,0.000000,0,0,0.000000
llama3.3-70b-or,employee_pool_pct,cap_table,employee_pool_pct,1,1,20,0,0.000000,0,0,0.000000
llama3.3-70b-or,option_pool_shuffle,cap_table,option_pool_shuffle,3,3,60,2,0.666667,0,0,0.016667
llama3.3-70b-or,fully_diluted_basis,cap_table,fully_diluted_basis,8,8,160,0,0.000000,0,0,0.000000
llama3.3-70b-or,multi_round_stacked_dilution,cap_table,multi_round_stacked_dilution,5,5,100,1,0.200000,0,0,0.000000
llama3.3-70b-or,liquidation_waterfall_payout,exit_waterfall,liquidation_waterfall_payout,4,4,80,3,0.750000,0,0,0.000000
llama3.3-70b-or,preference_stack_payout,exit_waterfall,preference_stack_payout,2,2,40,0,0.000000,0,0,0.000000
llama3.3-70b-or,convert_vs_preference_decision,exit_waterfall,convert_vs_preference_decision,2,2,40,0,0.000000,0,0,0.000000
llama3.3-70b-or,board_seats_investor,rights_governance,board_seats_investor,9,9,180,3,0.333333,0,0,0.000000
llama3.3-70b-or,protective_provisions,rights_governance,protective_provisions,12,12,240,0,0.000000,0,0,0.000000
llama3.3-70b-or,information_rights,rights_governance,information_rights,12,12,240,0,0.000000,0,0,0.000000
llama3.3-70b-or,pro_rata_rights,rights_governance,pro_rata_rights,12,12,240,0,0.000000,0,0,0.000000
llama3.3-70b-or,rofr_cosale,rights_governance,rofr_cosale,12,12,240,0,0.000000,0,0,0.000000
llama3.3-70b-or,drag_along,rights_governance,drag_along,12,12,240,0,0.000000,0,0,0.000000
llama3.3-70b-or,vesting_acceleration,rights_governance,vesting_acceleration,9,9,180,0,0.000000,0,0,0.000000
llama3.3-70b-or,vesting_schedule,founder_equity,vesting_schedule,9,9,180,0,0.000000,0,0,0.000000
llama3.3-70b-or,cliff_present,founder_equity,cliff_present,12,12,240,1,0.083333,0,0,0.000000
llama3.3-70b-or,acceleration_trigger,founder_equity,acceleration_trigger,13,13,260,0,0.000000,0,0,0.000000
llama3.3-70b-or,option_strike_409a,founder_equity,option_strike_409a,7,7,140,0,0.000000,0,0,0.000000
llama3.3-70b-or,exercise_window,founder_equity,exercise_window,5,5,100,0,0.000000,0,0,0.000000
llama3.3-70b-or,securities_exemption,regulatory,securities_exemption,10,10,200,0,0.000000,0,0,0.000000
llama3.3-70b-or,form_d_fields,regulatory,form_d_field_value,2,2,40,1,0.500000,0,0,0.000000
llama3.3-70b-or,s1_use_of_proceeds,regulatory,s1_use_of_proceeds,5,5,100,1,0.200000,0,0,0.000000
llama3.3-70b-or,s1_risk_factors,regulatory,s1_risk_factors,5,5,100,0,0.000000,0,0,0.000000
llama3.3-70b-or,financial_statement_qa,regulatory,financial_statement_qa,5,5,100,0,0.000000,0,0,0.000000
llama3.3-70b-or,flag_offmarket_liqpref,risk_flag,flag_offmarket_liqpref,10,10,200,0,0.000000,0,0,0.000000
llama3.3-70b-or,flag_full_ratchet,risk_flag,flag_full_ratchet,7,7,140,0,0.000000,0,0,0.000000
llama3.3-70b-or,flag_uncapped_participation,risk_flag,flag_uncapped_participation,13,13,260,0,0.000000,0,0,0.000000
llama3.3-70b-or,flag_missing_pro_rata,risk_flag,flag_missing_pro_rata,4,4,80,0,0.000000,0,0,0.000000
llama3.3-70b-or,flag_internal_inconsistency,risk_flag,flag_internal_inconsistency,5,5,100,0,0.000000,0,0,0.000000
gemma3-1b-qat,post_money_valuation,priced_equity,post_money_valuation,4,4,80,1,0.250000,0,0,0.000000
gemma3-1b-qat,pre_vs_post_money,priced_equity,pre_vs_post_money,19,19,380,6,0.315789,0,0,0.000000
gemma3-1b-qat,price_per_share,priced_equity,price_per_share,8,8,160,4,0.500000,0,0,0.000000
gemma3-1b-qat,round_size,priced_equity,round_size,10,10,200,0,0.000000,0,0,0.000000
gemma3-1b-qat,per_investor_allocation,priced_equity,per_investor_allocation,5,5,100,3,0.600000,0,0,0.020000
gemma3-1b-qat,liquidation_preference_multiple,priced_equity,liquidation_preference_multiple,9,9,180,7,0.777778,0,0,0.000000
gemma3-1b-qat,participation_type,priced_equity,participation_type,18,18,360,10,0.555556,0,0,0.000000
gemma3-1b-qat,participation_cap,priced_equity,participation_cap,3,3,60,0,0.000000,0,0,0.100000
gemma3-1b-qat,preference_seniority,priced_equity,preference_seniority,11,11,220,1,0.090909,0,0,0.000000
gemma3-1b-qat,dividend_rate_pct,priced_equity,dividend_rate_pct,6,6,120,2,0.333333,0,0,0.008333
gemma3-1b-qat,dividend_cumulative,priced_equity,dividend_cumulative,16,16,320,0,0.000000,0,0,0.000000
gemma3-1b-qat,antidilution_type,priced_equity,antidilution_type,5,5,100,2,0.400000,0,0,0.000000
gemma3-1b-qat,antidilution_base,priced_equity,antidilution_base,10,10,200,0,0.000000,0,0,0.000000
gemma3-1b-qat,conversion_ratio,priced_equity,conversion_ratio,5,5,100,2,0.400000,0,0,0.050000
gemma3-1b-qat,auto_conversion_trigger,priced_equity,auto_conversion_trigger,5,5,100,2,0.400000,0,0,0.000000
gemma3-1b-qat,redemption_rights,priced_equity,redemption_rights,10,10,200,3,0.300000,0,0,0.000000
gemma3-1b-qat,safe_valuation_cap,convertibles,safe_valuation_cap,8,8,160,2,0.250000,0,0,0.000000
gemma3-1b-qat,safe_discount_rate,convertibles,safe_discount_rate,9,9,180,4,0.444444,0,0,0.000000
gemma3-1b-qat,safe_cap_vs_discount_applies,convertibles,safe_cap_vs_discount_applies,13,13,260,8,0.615385,0,0,0.000000
gemma3-1b-qat,safe_pre_post,convertibles,safe_cap_type,16,16,320,1,0.062500,0,0,0.000000
gemma3-1b-qat,safe_mfn_present,convertibles,safe_mfn_present,7,7,140,0,0.000000,0,0,0.000000
gemma3-1b-qat,safe_pro_rata_side_letter,convertibles,safe_pro_rata_side_letter,15,15,300,4,0.266667,0,0,0.000000
gemma3-1b-qat,note_principal,convertibles,note_principal,7,7,140,0,0.000000,0,0,0.000000
gemma3-1b-qat,note_interest_rate,convertibles,note_interest_rate,6,6,120,5,0.833333,0,0,0.041667
gemma3-1b-qat,note_maturity_date,convertibles,note_maturity_date,4,4,80,2,0.500000,0,0,0.000000
gemma3-1b-qat,note_valuation_cap,convertibles,note_valuation_cap,4,4,80,1,0.250000,0,0,0.000000
gemma3-1b-qat,note_discount,convertibles,note_discount,4,4,80,1,0.250000,0,0,0.262500
gemma3-1b-qat,note_qualified_financing_threshold,convertibles,note_qualified_financing_threshold,2,2,40,1,0.500000,0,0,0.175000
gemma3-1b-qat,current_ownership_pct,cap_table,current_ownership_pct,9,9,180,9,1.000000,0,0,0.000000
gemma3-1b-qat,founder_ownership_pct,cap_table,founder_ownership_pct,3,3,60,3,1.000000,0,0,0.000000
gemma3-1b-qat,investor_ownership_pct,cap_table,investor_ownership_pct,4,4,80,1,0.250000,0,0,0.000000
gemma3-1b-qat,employee_pool_pct,cap_table,employee_pool_pct,1,1,20,1,1.000000,0,0,0.000000
gemma3-1b-qat,option_pool_shuffle,cap_table,option_pool_shuffle,3,3,60,3,1.000000,0,0,0.016667
gemma3-1b-qat,fully_diluted_basis,cap_table,fully_diluted_basis,8,8,160,3,0.375000,0,0,0.000000
gemma3-1b-qat,multi_round_stacked_dilution,cap_table,multi_round_stacked_dilution,5,5,100,3,0.600000,0,0,0.000000
gemma3-1b-qat,liquidation_waterfall_payout,exit_waterfall,liquidation_waterfall_payout,4,4,80,4,1.000000,0,0,0.000000
gemma3-1b-qat,preference_stack_payout,exit_waterfall,preference_stack_payout,2,2,40,2,1.000000,0,0,0.000000
gemma3-1b-qat,convert_vs_preference_decision,exit_waterfall,convert_vs_preference_decision,2,2,40,0,0.000000,0,0,0.000000
gemma3-1b-qat,board_seats_investor,rights_governance,board_seats_investor,9,9,180,3,0.333333,0,0,0.000000
gemma3-1b-qat,protective_provisions,rights_governance,protective_provisions,12,12,240,5,0.416667,0,0,0.008333
gemma3-1b-qat,information_rights,rights_governance,information_rights,12,12,240,2,0.166667,0,0,0.000000
gemma3-1b-qat,pro_rata_rights,rights_governance,pro_rata_rights,12,12,240,2,0.166667,0,0,0.000000
gemma3-1b-qat,rofr_cosale,rights_governance,rofr_cosale,12,12,240,5,0.416667,0,0,0.000000
gemma3-1b-qat,drag_along,rights_governance,drag_along,12,12,240,3,0.250000,0,0,0.000000
gemma3-1b-qat,vesting_acceleration,rights_governance,vesting_acceleration,9,9,180,0,0.000000,0,0,0.033333
gemma3-1b-qat,vesting_schedule,founder_equity,vesting_schedule,9,9,180,2,0.222222,0,0,0.000000
gemma3-1b-qat,cliff_present,founder_equity,cliff_present,12,12,240,3,0.250000,0,0,0.000000
gemma3-1b-qat,acceleration_trigger,founder_equity,acceleration_trigger,13,13,260,1,0.076923,0,0,0.000000
gemma3-1b-qat,option_strike_409a,founder_equity,option_strike_409a,7,7,140,3,0.428571,0,0,0.057143
gemma3-1b-qat,exercise_window,founder_equity,exercise_window,5,5,100,3,0.600000,0,0,0.000000
gemma3-1b-qat,securities_exemption,regulatory,securities_exemption,10,10,200,3,0.300000,0,0,0.000000
gemma3-1b-qat,form_d_fields,regulatory,form_d_field_value,2,2,40,0,0.000000,0,0,0.000000
gemma3-1b-qat,s1_use_of_proceeds,regulatory,s1_use_of_proceeds,5,5,100,2,0.400000,0,0,0.200000
gemma3-1b-qat,s1_risk_factors,regulatory,s1_risk_factors,5,5,100,5,1.000000,0,0,0.040000
gemma3-1b-qat,financial_statement_qa,regulatory,financial_statement_qa,5,5,100,2,0.400000,0,0,0.150000
gemma3-1b-qat,flag_offmarket_liqpref,risk_flag,flag_offmarket_liqpref,10,10,200,7,0.700000,0,0,0.000000
gemma3-1b-qat,flag_full_ratchet,risk_flag,flag_full_ratchet,7,7,140,0,0.000000,0,0,0.000000
gemma3-1b-qat,flag_uncapped_participation,risk_flag,flag_uncapped_participation,13,13,260,1,0.076923,0,0,0.000000
gemma3-1b-qat,flag_missing_pro_rata,risk_flag,flag_missing_pro_rata,4,4,80,1,0.250000,0,0,0.000000
gemma3-1b-qat,flag_internal_inconsistency,risk_flag,flag_internal_inconsistency,5,5,100,5,1.000000,0,0,0.000000
gemini3-flash-or,post_money_valuation,priced_equity,post_money_valuation,4,4,80,1,0.250000,0,0,0.000000
gemini3-flash-or,pre_vs_post_money,priced_equity,pre_vs_post_money,19,19,380,1,0.052632,0,0,0.000000
gemini3-flash-or,price_per_share,priced_equity,price_per_share,8,8,160,1,0.125000,0,0,0.000000
gemini3-flash-or,round_size,priced_equity,round_size,10,10,200,0,0.000000,0,0,0.005000
gemini3-flash-or,per_investor_allocation,priced_equity,per_investor_allocation,5,5,100,1,0.200000,0,0,0.000000
gemini3-flash-or,liquidation_preference_multiple,priced_equity,liquidation_preference_multiple,9,9,180,1,0.111111,0,0,0.000000
gemini3-flash-or,participation_type,priced_equity,participation_type,18,18,360,1,0.055556,0,0,0.002778
gemini3-flash-or,participation_cap,priced_equity,participation_cap,3,3,60,0,0.000000,0,0,0.000000
gemini3-flash-or,preference_seniority,priced_equity,preference_seniority,11,11,220,0,0.000000,0,0,0.004545
gemini3-flash-or,dividend_rate_pct,priced_equity,dividend_rate_pct,6,6,120,0,0.000000,0,0,0.000000
gemini3-flash-or,dividend_cumulative,priced_equity,dividend_cumulative,16,16,320,0,0.000000,0,0,0.000000
gemini3-flash-or,antidilution_type,priced_equity,antidilution_type,5,5,100,0,0.000000,0,0,0.000000
gemini3-flash-or,antidilution_base,priced_equity,antidilution_base,10,10,200,0,0.000000,0,0,0.000000
gemini3-flash-or,conversion_ratio,priced_equity,conversion_ratio,5,5,100,0,0.000000,0,0,0.000000
gemini3-flash-or,auto_conversion_trigger,priced_equity,auto_conversion_trigger,5,5,100,0,0.000000,0,0,0.000000
gemini3-flash-or,redemption_rights,priced_equity,redemption_rights,10,10,200,0,0.000000,0,0,0.000000
gemini3-flash-or,safe_valuation_cap,convertibles,safe_valuation_cap,8,8,160,0,0.000000,0,0,0.000000
gemini3-flash-or,safe_discount_rate,convertibles,safe_discount_rate,9,9,180,0,0.000000,0,0,0.000000
gemini3-flash-or,safe_cap_vs_discount_applies,convertibles,safe_cap_vs_discount_applies,13,13,260,0,0.000000,0,0,0.000000
gemini3-flash-or,safe_pre_post,convertibles,safe_cap_type,16,16,320,0,0.000000,0,0,0.003125
gemini3-flash-or,safe_mfn_present,convertibles,safe_mfn_present,7,7,140,0,0.000000,0,0,0.000000
gemini3-flash-or,safe_pro_rata_side_letter,convertibles,safe_pro_rata_side_letter,15,15,300,0,0.000000,0,0,0.003333
gemini3-flash-or,note_principal,convertibles,note_principal,7,7,140,0,0.000000,0,0,0.000000
gemini3-flash-or,note_interest_rate,convertibles,note_interest_rate,6,6,120,0,0.000000,0,0,0.000000
gemini3-flash-or,note_maturity_date,convertibles,note_maturity_date,3,4,80,0,0.000000,0,0,0.000000
gemini3-flash-or,note_valuation_cap,convertibles,note_valuation_cap,4,4,80,0,0.000000,0,0,0.000000
gemini3-flash-or,note_discount,convertibles,note_discount,4,4,80,0,0.000000,0,0,0.000000
gemini3-flash-or,note_qualified_financing_threshold,convertibles,note_qualified_financing_threshold,2,2,40,0,0.000000,0,0,0.000000
gemini3-flash-or,current_ownership_pct,cap_table,current_ownership_pct,9,9,180,0,0.000000,0,0,0.000000
gemini3-flash-or,founder_ownership_pct,cap_table,founder_ownership_pct,3,3,60,0,0.000000,0,0,0.000000
gemini3-flash-or,investor_ownership_pct,cap_table,investor_ownership_pct,4,4,80,0,0.000000,0,0,0.000000
gemini3-flash-or,employee_pool_pct,cap_table,employee_pool_pct,1,1,20,0,0.000000,0,0,0.000000
gemini3-flash-or,option_pool_shuffle,cap_table,option_pool_shuffle,3,3,60,2,0.666667,0,0,0.000000
gemini3-flash-or,fully_diluted_basis,cap_table,fully_diluted_basis,8,8,160,0,0.000000,0,0,0.000000
gemini3-flash-or,multi_round_stacked_dilution,cap_table,multi_round_stacked_dilution,5,5,100,0,0.000000,0,0,0.000000
gemini3-flash-or,liquidation_waterfall_payout,exit_waterfall,liquidation_waterfall_payout,4,4,80,1,0.250000,0,0,0.000000
gemini3-flash-or,preference_stack_payout,exit_waterfall,preference_stack_payout,2,2,40,0,0.000000,0,0,0.000000
gemini3-flash-or,convert_vs_preference_decision,exit_waterfall,convert_vs_preference_decision,2,2,40,0,0.000000,0,0,0.000000
gemini3-flash-or,board_seats_investor,rights_governance,board_seats_investor,9,9,180,1,0.111111,0,0,0.000000
gemini3-flash-or,protective_provisions,rights_governance,protective_provisions,12,12,240,0,0.000000,0,0,0.000000
gemini3-flash-or,information_rights,rights_governance,information_rights,12,12,240,0,0.000000,0,0,0.000000
gemini3-flash-or,pro_rata_rights,rights_governance,pro_rata_rights,12,12,240,0,0.000000,0,0,0.000000
gemini3-flash-or,rofr_cosale,rights_governance,rofr_cosale,12,12,240,0,0.000000,0,0,0.000000
gemini3-flash-or,drag_along,rights_governance,drag_along,12,12,240,0,0.000000,0,0,0.004167
gemini3-flash-or,vesting_acceleration,rights_governance,vesting_acceleration,9,9,180,0,0.000000,0,0,0.000000
gemini3-flash-or,vesting_schedule,founder_equity,vesting_schedule,9,9,180,0,0.000000,0,0,0.000000
gemini3-flash-or,cliff_present,founder_equity,cliff_present,12,12,240,0,0.000000,0,0,0.000000
gemini3-flash-or,acceleration_trigger,founder_equity,acceleration_trigger,13,13,260,0,0.000000,0,0,0.000000
gemini3-flash-or,option_strike_409a,founder_equity,option_strike_409a,7,7,140,0,0.000000,0,0,0.000000
gemini3-flash-or,exercise_window,founder_equity,exercise_window,5,5,100,0,0.000000,0,0,0.000000
gemini3-flash-or,securities_exemption,regulatory,securities_exemption,10,10,200,0,0.000000,0,0,0.000000
gemini3-flash-or,form_d_fields,regulatory,form_d_field_value,2,2,40,0,0.000000,0,0,0.000000
gemini3-flash-or,s1_use_of_proceeds,regulatory,s1_use_of_proceeds,5,5,100,0,0.000000,0,0,0.000000
gemini3-flash-or,s1_risk_factors,regulatory,s1_risk_factors,5,5,100,0,0.000000,0,0,0.000000
gemini3-flash-or,financial_statement_qa,regulatory,financial_statement_qa,5,5,100,0,0.000000,0,0,0.000000
gemini3-flash-or,flag_offmarket_liqpref,risk_flag,flag_offmarket_liqpref,10,10,200,1,0.100000,0,0,0.000000
gemini3-flash-or,flag_full_ratchet,risk_flag,flag_full_ratchet,7,7,140,0,0.000000,0,0,0.000000
gemini3-flash-or,flag_uncapped_participation,risk_flag,flag_uncapped_participation,13,13,260,0,0.000000,0,0,0.000000
gemini3-flash-or,flag_missing_pro_rata,risk_flag,flag_missing_pro_rata,4,4,80,0,0.000000,0,0,0.000000
gemini3-flash-or,flag_internal_inconsistency,risk_flag,flag_internal_inconsistency,5,5,100,1,0.200000,0,0,0.000000
haiku-4.5-direct,post_money_valuation,priced_equity,post_money_valuation,4,4,80,0,0.000000,0,0,0.000000
haiku-4.5-direct,pre_vs_post_money,priced_equity,pre_vs_post_money,19,19,380,0,0.000000,0,0,0.000000
haiku-4.5-direct,price_per_share,priced_equity,price_per_share,8,8,160,0,0.000000,0,0,0.000000
haiku-4.5-direct,round_size,priced_equity,round_size,10,10,200,0,0.000000,0,0,0.000000
haiku-4.5-direct,per_investor_allocation,priced_equity,per_investor_allocation,5,5,100,0,0.000000,0,0,0.000000
haiku-4.5-direct,liquidation_preference_multiple,priced_equity,liquidation_preference_multiple,9,9,180,1,0.111111,0,0,0.000000
haiku-4.5-direct,participation_type,priced_equity,participation_type,18,18,360,0,0.000000,0,0,0.000000
haiku-4.5-direct,participation_cap,priced_equity,participation_cap,3,3,60,0,0.000000,0,0,0.000000
haiku-4.5-direct,preference_seniority,priced_equity,preference_seniority,11,11,220,0,0.000000,0,0,0.000000
haiku-4.5-direct,dividend_rate_pct,priced_equity,dividend_rate_pct,6,6,120,0,0.000000,0,0,0.000000
haiku-4.5-direct,dividend_cumulative,priced_equity,dividend_cumulative,16,16,320,0,0.000000,0,0,0.000000
haiku-4.5-direct,antidilution_type,priced_equity,antidilution_type,5,5,100,0,0.000000,0,0,0.000000
haiku-4.5-direct,antidilution_base,priced_equity,antidilution_base,10,10,200,0,0.000000,0,0,0.000000
haiku-4.5-direct,conversion_ratio,priced_equity,conversion_ratio,5,5,100,0,0.000000,0,0,0.000000
haiku-4.5-direct,auto_conversion_trigger,priced_equity,auto_conversion_trigger,5,5,100,0,0.000000,0,0,0.000000
haiku-4.5-direct,redemption_rights,priced_equity,redemption_rights,10,10,200,1,0.100000,0,0,0.000000
haiku-4.5-direct,safe_valuation_cap,convertibles,safe_valuation_cap,8,8,160,0,0.000000,0,0,0.000000
haiku-4.5-direct,safe_discount_rate,convertibles,safe_discount_rate,9,9,180,0,0.000000,0,0,0.000000
haiku-4.5-direct,safe_cap_vs_discount_applies,convertibles,safe_cap_vs_discount_applies,13,13,260,0,0.000000,0,0,0.000000
haiku-4.5-direct,safe_pre_post,convertibles,safe_cap_type,16,16,320,0,0.000000,0,0,0.000000
haiku-4.5-direct,safe_mfn_present,convertibles,safe_mfn_present,7,7,140,0,0.000000,0,0,0.000000
haiku-4.5-direct,safe_pro_rata_side_letter,convertibles,safe_pro_rata_side_letter,15,15,300,0,0.000000,0,0,0.000000
haiku-4.5-direct,note_principal,convertibles,note_principal,7,7,140,0,0.000000,0,0,0.000000
haiku-4.5-direct,note_interest_rate,convertibles,note_interest_rate,6,6,120,0,0.000000,0,0,0.000000
haiku-4.5-direct,note_maturity_date,convertibles,note_maturity_date,3,4,80,0,0.000000,0,0,0.000000
haiku-4.5-direct,note_valuation_cap,convertibles,note_valuation_cap,4,4,80,0,0.000000,0,0,0.000000
haiku-4.5-direct,note_discount,convertibles,note_discount,3,4,80,0,0.000000,0,0,0.000000
haiku-4.5-direct,note_qualified_financing_threshold,convertibles,note_qualified_financing_threshold,2,2,40,0,0.000000,0,0,0.000000
haiku-4.5-direct,current_ownership_pct,cap_table,current_ownership_pct,9,9,180,1,0.111111,0,0,0.000000
haiku-4.5-direct,founder_ownership_pct,cap_table,founder_ownership_pct,3,3,60,1,0.333333,0,0,0.000000
haiku-4.5-direct,investor_ownership_pct,cap_table,investor_ownership_pct,4,4,80,0,0.000000,0,0,0.000000
haiku-4.5-direct,employee_pool_pct,cap_table,employee_pool_pct,1,1,20,0,0.000000,0,0,0.000000
haiku-4.5-direct,option_pool_shuffle,cap_table,option_pool_shuffle,3,3,60,1,0.333333,0,0,0.000000
haiku-4.5-direct,fully_diluted_basis,cap_table,fully_diluted_basis,8,8,160,0,0.000000,0,0,0.000000
haiku-4.5-direct,multi_round_stacked_dilution,cap_table,multi_round_stacked_dilution,5,5,100,0,0.000000,0,0,0.000000
haiku-4.5-direct,liquidation_waterfall_payout,exit_waterfall,liquidation_waterfall_payout,4,4,80,4,1.000000,0,0,0.000000
haiku-4.5-direct,preference_stack_payout,exit_waterfall,preference_stack_payout,2,2,40,0,0.000000,0,0,0.000000
haiku-4.5-direct,convert_vs_preference_decision,exit_waterfall,convert_vs_preference_decision,2,2,40,0,0.000000,0,0,0.000000
haiku-4.5-direct,board_seats_investor,rights_governance,board_seats_investor,9,9,180,0,0.000000,0,0,0.000000
haiku-4.5-direct,protective_provisions,rights_governance,protective_provisions,12,12,240,0,0.000000,0,0,0.000000
haiku-4.5-direct,information_rights,rights_governance,information_rights,12,12,240,0,0.000000,0,0,0.000000
haiku-4.5-direct,pro_rata_rights,rights_governance,pro_rata_rights,12,12,240,0,0.000000,0,0,0.000000
haiku-4.5-direct,rofr_cosale,rights_governance,rofr_cosale,12,12,240,0,0.000000,0,0,0.000000
haiku-4.5-direct,drag_along,rights_governance,drag_along,12,12,240,2,0.166667,0,0,0.000000
haiku-4.5-direct,vesting_acceleration,rights_governance,vesting_acceleration,9,9,180,0,0.000000,0,0,0.000000
haiku-4.5-direct,vesting_schedule,founder_equity,vesting_schedule,9,9,180,0,0.000000,0,0,0.000000
haiku-4.5-direct,cliff_present,founder_equity,cliff_present,12,12,240,0,0.000000,0,0,0.000000
haiku-4.5-direct,acceleration_trigger,founder_equity,acceleration_trigger,13,13,260,0,0.000000,0,0,0.000000
haiku-4.5-direct,option_strike_409a,founder_equity,option_strike_409a,7,7,140,0,0.000000,0,0,0.000000
haiku-4.5-direct,exercise_window,founder_equity,exercise_window,5,5,100,0,0.000000,0,0,0.000000
haiku-4.5-direct,securities_exemption,regulatory,securities_exemption,10,10,200,0,0.000000,0,0,0.000000
haiku-4.5-direct,form_d_fields,regulatory,form_d_field_value,2,2,40,0,0.000000,0,0,0.000000
haiku-4.5-direct,s1_use_of_proceeds,regulatory,s1_use_of_proceeds,5,5,100,1,0.200000,0,0,0.000000
haiku-4.5-direct,s1_risk_factors,regulatory,s1_risk_factors,5,5,100,0,0.000000,0,0,0.000000
haiku-4.5-direct,financial_statement_qa,regulatory,financial_statement_qa,5,5,100,0,0.000000,0,0,0.000000
haiku-4.5-direct,flag_offmarket_liqpref,risk_flag,flag_offmarket_liqpref,10,10,200,0,0.000000,0,0,0.000000
haiku-4.5-direct,flag_full_ratchet,risk_flag,flag_full_ratchet,7,7,140,0,0.000000,0,0,0.000000
haiku-4.5-direct,flag_uncapped_participation,risk_flag,flag_uncapped_participation,13,13,260,1,0.076923,0,0,0.000000
haiku-4.5-direct,flag_missing_pro_rata,risk_flag,flag_missing_pro_rata,4,4,80,0,0.000000,0,0,0.000000
haiku-4.5-direct,flag_internal_inconsistency,risk_flag,flag_internal_inconsistency,5,5,100,0,0.000000,0,0,0.000000
gpt-oss-120b-or,post_money_valuation,priced_equity,post_money_valuation,4,4,80,0,0.000000,0,0,0.000000
gpt-oss-120b-or,pre_vs_post_money,priced_equity,pre_vs_post_money,19,19,380,1,0.052632,0,0,0.000000
gpt-oss-120b-or,price_per_share,priced_equity,price_per_share,8,8,160,1,0.125000,0,0,0.000000
gpt-oss-120b-or,round_size,priced_equity,round_size,10,10,200,0,0.000000,0,0,0.000000
gpt-oss-120b-or,per_investor_allocation,priced_equity,per_investor_allocation,5,5,100,0,0.000000,0,0,0.000000
gpt-oss-120b-or,liquidation_preference_multiple,priced_equity,liquidation_preference_multiple,9,9,180,0,0.000000,0,0,0.000000
gpt-oss-120b-or,participation_type,priced_equity,participation_type,18,18,360,4,0.222222,0,0,0.019444
gpt-oss-120b-or,participation_cap,priced_equity,participation_cap,3,3,60,0,0.000000,0,0,0.000000
gpt-oss-120b-or,preference_seniority,priced_equity,preference_seniority,11,11,220,1,0.090909,0,0,0.000000
gpt-oss-120b-or,dividend_rate_pct,priced_equity,dividend_rate_pct,6,6,120,0,0.000000,0,0,0.000000
gpt-oss-120b-or,dividend_cumulative,priced_equity,dividend_cumulative,16,16,320,0,0.000000,0,0,0.000000
gpt-oss-120b-or,antidilution_type,priced_equity,antidilution_type,5,5,100,0,0.000000,0,0,0.000000
gpt-oss-120b-or,antidilution_base,priced_equity,antidilution_base,10,10,200,0,0.000000,0,0,0.000000
gpt-oss-120b-or,conversion_ratio,priced_equity,conversion_ratio,5,5,100,0,0.000000,0,0,0.000000
gpt-oss-120b-or,auto_conversion_trigger,priced_equity,auto_conversion_trigger,5,5,100,0,0.000000,0,0,0.000000
gpt-oss-120b-or,redemption_rights,priced_equity,redemption_rights,10,10,200,0,0.000000,0,0,0.000000
gpt-oss-120b-or,safe_valuation_cap,convertibles,safe_valuation_cap,8,8,160,0,0.000000,0,0,0.000000
gpt-oss-120b-or,safe_discount_rate,convertibles,safe_discount_rate,9,9,180,2,0.222222,0,0,0.000000
gpt-oss-120b-or,safe_cap_vs_discount_applies,convertibles,safe_cap_vs_discount_applies,13,13,260,0,0.000000,0,0,0.007692
gpt-oss-120b-or,safe_pre_post,convertibles,safe_cap_type,16,16,320,0,0.000000,0,0,0.000000
gpt-oss-120b-or,safe_mfn_present,convertibles,safe_mfn_present,7,7,140,0,0.000000,0,0,0.000000
gpt-oss-120b-or,safe_pro_rata_side_letter,convertibles,safe_pro_rata_side_letter,15,15,300,0,0.000000,0,0,0.000000
gpt-oss-120b-or,note_principal,convertibles,note_principal,7,7,140,0,0.000000,0,0,0.000000
gpt-oss-120b-or,note_interest_rate,convertibles,note_interest_rate,6,6,120,0,0.000000,0,0,0.000000
gpt-oss-120b-or,note_maturity_date,convertibles,note_maturity_date,3,4,80,0,0.000000,0,0,0.000000
gpt-oss-120b-or,note_valuation_cap,convertibles,note_valuation_cap,4,4,80,0,0.000000,0,0,0.000000
gpt-oss-120b-or,note_discount,convertibles,note_discount,4,4,80,0,0.000000,0,0,0.000000
gpt-oss-120b-or,note_qualified_financing_threshold,convertibles,note_qualified_financing_threshold,2,2,40,0,0.000000,0,0,0.000000
gpt-oss-120b-or,current_ownership_pct,cap_table,current_ownership_pct,9,9,180,0,0.000000,0,0,0.033333
gpt-oss-120b-or,founder_ownership_pct,cap_table,founder_ownership_pct,3,3,60,0,0.000000,0,0,0.000000
gpt-oss-120b-or,investor_ownership_pct,cap_table,investor_ownership_pct,4,4,80,1,0.250000,0,0,0.150000
gpt-oss-120b-or,employee_pool_pct,cap_table,employee_pool_pct,1,1,20,1,1.000000,0,0,0.000000
gpt-oss-120b-or,option_pool_shuffle,cap_table,option_pool_shuffle,3,3,60,2,0.666667,0,0,0.000000
gpt-oss-120b-or,fully_diluted_basis,cap_table,fully_diluted_basis,8,8,160,0,0.000000,0,0,0.000000
gpt-oss-120b-or,multi_round_stacked_dilution,cap_table,multi_round_stacked_dilution,5,5,100,1,0.200000,0,0,0.000000
gpt-oss-120b-or,liquidation_waterfall_payout,exit_waterfall,liquidation_waterfall_payout,4,4,80,2,0.500000,0,0,0.000000
gpt-oss-120b-or,preference_stack_payout,exit_waterfall,preference_stack_payout,2,2,40,0,0.000000,0,0,0.000000
gpt-oss-120b-or,convert_vs_preference_decision,exit_waterfall,convert_vs_preference_decision,2,2,40,0,0.000000,0,0,0.000000
gpt-oss-120b-or,board_seats_investor,rights_governance,board_seats_investor,9,9,180,1,0.111111,0,0,0.000000
gpt-oss-120b-or,protective_provisions,rights_governance,protective_provisions,12,12,240,2,0.166667,0,0,0.000000
gpt-oss-120b-or,information_rights,rights_governance,information_rights,12,12,240,1,0.083333,0,0,0.000000
gpt-oss-120b-or,pro_rata_rights,rights_governance,pro_rata_rights,12,12,240,2,0.166667,0,0,0.000000
gpt-oss-120b-or,rofr_cosale,rights_governance,rofr_cosale,12,12,240,0,0.000000,0,0,0.000000
gpt-oss-120b-or,drag_along,rights_governance,drag_along,12,12,240,1,0.083333,0,0,0.000000
gpt-oss-120b-or,vesting_acceleration,rights_governance,vesting_acceleration,9,9,180,0,0.000000,0,0,0.000000
gpt-oss-120b-or,vesting_schedule,founder_equity,vesting_schedule,9,9,180,1,0.111111,0,0,0.000000
gpt-oss-120b-or,cliff_present,founder_equity,cliff_present,12,12,240,1,0.083333,0,0,0.000000
gpt-oss-120b-or,acceleration_trigger,founder_equity,acceleration_trigger,13,13,260,0,0.000000,0,0,0.000000
gpt-oss-120b-or,option_strike_409a,founder_equity,option_strike_409a,7,7,140,0,0.000000,0,0,0.000000
gpt-oss-120b-or,exercise_window,founder_equity,exercise_window,5,5,100,0,0.000000,0,0,0.000000
gpt-oss-120b-or,securities_exemption,regulatory,securities_exemption,10,10,200,1,0.100000,0,0,0.000000
gpt-oss-120b-or,form_d_fields,regulatory,form_d_field_value,2,2,40,0,0.000000,0,0,0.000000
gpt-oss-120b-or,s1_use_of_proceeds,regulatory,s1_use_of_proceeds,5,5,100,0,0.000000,0,0,0.000000
gpt-oss-120b-or,s1_risk_factors,regulatory,s1_risk_factors,5,5,100,0,0.000000,0,0,0.000000
gpt-oss-120b-or,financial_statement_qa,regulatory,financial_statement_qa,5,5,100,2,0.400000,0,0,0.000000
gpt-oss-120b-or,flag_offmarket_liqpref,risk_flag,flag_offmarket_liqpref,10,10,200,0,0.000000,0,0,0.000000
gpt-oss-120b-or,flag_full_ratchet,risk_flag,flag_full_ratchet,7,7,140,0,0.000000,0,0,0.000000
gpt-oss-120b-or,flag_uncapped_participation,risk_flag,flag_uncapped_participation,13,13,260,1,0.076923,0,0,0.003846
gpt-oss-120b-or,flag_missing_pro_rata,risk_flag,flag_missing_pro_rata,4,4,80,0,0.000000,0,0,0.000000
gpt-oss-120b-or,flag_internal_inconsistency,risk_flag,flag_internal_inconsistency,5,5,100,0,0.000000,0,0,0.000000
gpt5-mini-or,post_money_valuation,priced_equity,post_money_valuation,4,4,80,0,0.000000,0,0,0.000000
gpt5-mini-or,pre_vs_post_money,priced_equity,pre_vs_post_money,19,19,380,2,0.105263,0,0,0.000000
gpt5-mini-or,price_per_share,priced_equity,price_per_share,8,8,160,1,0.125000,0,0,0.000000
gpt5-mini-or,round_size,priced_equity,round_size,10,10,200,0,0.000000,0,0,0.000000
gpt5-mini-or,per_investor_allocation,priced_equity,per_investor_allocation,5,5,100,0,0.000000,0,0,0.000000
gpt5-mini-or,liquidation_preference_multiple,priced_equity,liquidation_preference_multiple,9,9,180,0,0.000000,0,0,0.000000
gpt5-mini-or,participation_type,priced_equity,participation_type,18,18,360,1,0.055556,0,0,0.000000
gpt5-mini-or,participation_cap,priced_equity,participation_cap,3,3,60,0,0.000000,0,0,0.000000
gpt5-mini-or,preference_seniority,priced_equity,preference_seniority,11,11,220,0,0.000000,0,0,0.000000
gpt5-mini-or,dividend_rate_pct,priced_equity,dividend_rate_pct,6,6,120,0,0.000000,0,0,0.000000
gpt5-mini-or,dividend_cumulative,priced_equity,dividend_cumulative,16,16,320,0,0.000000,0,0,0.000000
gpt5-mini-or,antidilution_type,priced_equity,antidilution_type,5,5,100,0,0.000000,0,0,0.000000
gpt5-mini-or,antidilution_base,priced_equity,antidilution_base,10,10,200,0,0.000000,0,0,0.000000
gpt5-mini-or,conversion_ratio,priced_equity,conversion_ratio,5,5,100,1,0.200000,0,0,0.000000
gpt5-mini-or,auto_conversion_trigger,priced_equity,auto_conversion_trigger,5,5,100,0,0.000000,0,0,0.000000
gpt5-mini-or,redemption_rights,priced_equity,redemption_rights,10,10,200,0,0.000000,0,0,0.000000
gpt5-mini-or,safe_valuation_cap,convertibles,safe_valuation_cap,8,8,160,0,0.000000,0,0,0.000000
gpt5-mini-or,safe_discount_rate,convertibles,safe_discount_rate,9,9,180,0,0.000000,0,0,0.000000
gpt5-mini-or,safe_cap_vs_discount_applies,convertibles,safe_cap_vs_discount_applies,13,13,260,0,0.000000,0,0,0.000000
gpt5-mini-or,safe_pre_post,convertibles,safe_cap_type,16,16,320,0,0.000000,0,0,0.000000
gpt5-mini-or,safe_mfn_present,convertibles,safe_mfn_present,7,7,140,0,0.000000,0,0,0.000000
gpt5-mini-or,safe_pro_rata_side_letter,convertibles,safe_pro_rata_side_letter,15,15,300,0,0.000000,0,0,0.000000
gpt5-mini-or,note_principal,convertibles,note_principal,7,7,140,0,0.000000,0,0,0.000000
gpt5-mini-or,note_interest_rate,convertibles,note_interest_rate,6,6,120,0,0.000000,0,0,0.000000
gpt5-mini-or,note_maturity_date,convertibles,note_maturity_date,4,4,80,0,0.000000,0,0,0.000000
gpt5-mini-or,note_valuation_cap,convertibles,note_valuation_cap,4,4,80,0,0.000000,0,0,0.000000
gpt5-mini-or,note_discount,convertibles,note_discount,4,4,80,0,0.000000,0,0,0.000000
gpt5-mini-or,note_qualified_financing_threshold,convertibles,note_qualified_financing_threshold,2,2,40,0,0.000000,0,0,0.000000
gpt5-mini-or,current_ownership_pct,cap_table,current_ownership_pct,9,9,180,0,0.000000,0,0,0.000000
gpt5-mini-or,founder_ownership_pct,cap_table,founder_ownership_pct,3,3,60,0,0.000000,0,0,0.000000
gpt5-mini-or,investor_ownership_pct,cap_table,investor_ownership_pct,4,4,80,0,0.000000,0,0,0.187500
gpt5-mini-or,employee_pool_pct,cap_table,employee_pool_pct,1,1,20,0,0.000000,0,0,0.100000
gpt5-mini-or,option_pool_shuffle,cap_table,option_pool_shuffle,3,3,60,2,0.666667,0,0,0.000000
gpt5-mini-or,fully_diluted_basis,cap_table,fully_diluted_basis,8,8,160,0,0.000000,0,0,0.000000
gpt5-mini-or,multi_round_stacked_dilution,cap_table,multi_round_stacked_dilution,5,5,100,0,0.000000,0,0,0.000000
gpt5-mini-or,liquidation_waterfall_payout,exit_waterfall,liquidation_waterfall_payout,4,4,80,4,1.000000,0,0,0.000000
gpt5-mini-or,preference_stack_payout,exit_waterfall,preference_stack_payout,2,2,40,0,0.000000,0,0,0.000000
gpt5-mini-or,convert_vs_preference_decision,exit_waterfall,convert_vs_preference_decision,2,2,40,0,0.000000,0,0,0.000000
gpt5-mini-or,board_seats_investor,rights_governance,board_seats_investor,9,9,180,4,0.444444,0,0,0.000000
gpt5-mini-or,protective_provisions,rights_governance,protective_provisions,12,12,240,2,0.166667,0,0,0.000000
gpt5-mini-or,information_rights,rights_governance,information_rights,12,12,240,1,0.083333,0,0,0.000000
gpt5-mini-or,pro_rata_rights,rights_governance,pro_rata_rights,12,12,240,0,0.000000,0,0,0.000000
gpt5-mini-or,rofr_cosale,rights_governance,rofr_cosale,12,12,240,0,0.000000,0,0,0.000000
gpt5-mini-or,drag_along,rights_governance,drag_along,12,12,240,2,0.166667,0,0,0.000000
gpt5-mini-or,vesting_acceleration,rights_governance,vesting_acceleration,9,9,180,0,0.000000,0,0,0.000000
gpt5-mini-or,vesting_schedule,founder_equity,vesting_schedule,9,9,180,0,0.000000,0,0,0.000000
gpt5-mini-or,cliff_present,founder_equity,cliff_present,12,12,240,2,0.166667,0,0,0.000000
gpt5-mini-or,acceleration_trigger,founder_equity,acceleration_trigger,13,13,260,0,0.000000,0,0,0.000000
gpt5-mini-or,option_strike_409a,founder_equity,option_strike_409a,7,7,140,0,0.000000,0,0,0.000000
gpt5-mini-or,exercise_window,founder_equity,exercise_window,5,5,100,0,0.000000,0,0,0.000000
gpt5-mini-or,securities_exemption,regulatory,securities_exemption,10,10,200,1,0.100000,0,0,0.000000
gpt5-mini-or,form_d_fields,regulatory,form_d_field_value,2,2,40,0,0.000000,0,0,0.000000
gpt5-mini-or,s1_use_of_proceeds,regulatory,s1_use_of_proceeds,5,5,100,2,0.400000,0,0,0.000000
gpt5-mini-or,s1_risk_factors,regulatory,s1_risk_factors,5,5,100,0,0.000000,0,0,0.000000
gpt5-mini-or,financial_statement_qa,regulatory,financial_statement_qa,5,5,100,1,0.200000,0,0,0.000000
gpt5-mini-or,flag_offmarket_liqpref,risk_flag,flag_offmarket_liqpref,10,10,200,0,0.000000,0,0,0.005000
gpt5-mini-or,flag_full_ratchet,risk_flag,flag_full_ratchet,7,7,140,0,0.000000,0,0,0.000000
gpt5-mini-or,flag_uncapped_participation,risk_flag,flag_uncapped_participation,13,13,260,0,0.000000,0,0,0.000000
gpt5-mini-or,flag_missing_pro_rata,risk_flag,flag_missing_pro_rata,4,4,80,0,0.000000,0,0,0.000000
gpt5-mini-or,flag_internal_inconsistency,risk_flag,flag_internal_inconsistency,5,5,100,0,0.000000,0,0,0.000000
