leaf,item,field,answer,source_route,source_state,n_spans,min_span,quote_in_full,quote_in_window,window_reason,issues
post_money_valuation,1491419_000121390022046600,post_money_valuation,68000000,by-name,verified-present,1,126,1,1,quote present,
post_money_valuation,1529113_000121390024057583,post_money_valuation,275000000,by-name,verified-present,1,131,1,1,quote present,
post_money_valuation,1368365_000136836520000062,post_money_valuation,5000000,by-name,verified-present,1,121,1,1,quote present,
post_money_valuation,1089872_000095017025106543,post_money_valuation,106000000,by-name,verified-present,1,126,1,1,quote present,
pre_vs_post_money,0001193125-14-335661_d770501dex1024,pre_vs_post_money,pre-money,by-name,verified-present,2,87,1,1,all 2 span(s) present,
pre_vs_post_money,0000950123-10-024887_d70440a2exv3w3,pre_vs_post_money,pre-money,by-name,verified-present,1,151,1,1,quote present,
pre_vs_post_money,0001047469-04-038327_filename35,pre_vs_post_money,pre-money,by-name,verified-present,1,179,1,1,quote present,
pre_vs_post_money,0001140361-23-024212_ny20009051x2_8k,pre_vs_post_money,pre-money,by-name,verified-present,1,188,1,1,quote present,
pre_vs_post_money,0000912057-19-000378_filename29,pre_vs_post_money,pre-money,by-name,verified-present,1,188,1,1,quote present,
pre_vs_post_money,0000950123-14-012213_filename17,pre_vs_post_money,pre-money,by-name,verified-present,1,189,1,1,quote present,
pre_vs_post_money,0001144204-10-046527_v195191_ex10-1,pre_vs_post_money,pre-money,by-name,verified-present,1,184,1,1,quote present,
pre_vs_post_money,0001193125-11-026716_filename6,pre_vs_post_money,pre-money,by-name,verified-present,1,188,1,1,quote present,
pre_vs_post_money,0001437749-18-019139_ex_127203,pre_vs_post_money,pre-money,by-name,verified-present,1,184,1,1,quote present,
pre_vs_post_money,0001144204-11-010165_v212119_ex10-1,pre_vs_post_money,pre-money,by-name,verified-present,1,184,1,1,quote present,
pre_vs_post_money,0001013762-09-002046_ex412,pre_vs_post_money,pre-money,by-name,verified-present,1,183,1,1,quote present,
pre_vs_post_money,0001607062-21-000118_filename14,pre_vs_post_money,pre-money,by-name,verified-present,1,179,1,1,quote present,
pre_vs_post_money,0001013762-09-001055_ex101,pre_vs_post_money,pre-money,by-name,verified-present,1,183,1,1,quote present,
pre_vs_post_money,0001493152-24-049571_form8-k,pre_vs_post_money,post-money,by-name,verified-present,1,188,1,1,quote present,
pre_vs_post_money,0001213900-25-014354_ea023010901ex99-1_fold,pre_vs_post_money,post-money,by-name,verified-present,1,190,1,1,quote present,
pre_vs_post_money,0001511164-13-000507_ngeform8k11413,pre_vs_post_money,post-money,by-name,verified-present,1,190,1,1,quote present,
pre_vs_post_money,0001628280-24-041596_exhibit109-sx1,pre_vs_post_money,post-money,by-name,verified-present,1,185,1,1,quote present,
pre_vs_post_money,0001019687-14-000407_oculus_8k-ex1002,pre_vs_post_money,post-money,by-name,verified-present,1,184,1,1,quote present,
pre_vs_post_money,0001019687-13-002945_oculus_8k-ex1001,pre_vs_post_money,post-money,by-name,verified-present,1,184,1,1,quote present,
price_per_share,astea_series_a,price_per_share,3.63,by-content,verified-present,1,271,1,1,quote present,
price_per_share,wolverine_series_a,price_per_share,1000.0,by-content,verified-present,1,269,1,1,quote present,
price_per_share,kiwa_series_b,price_per_share,1.3,by-content,verified-present,1,276,1,1,quote present,
price_per_share,psm_series_e,price_per_share,1000.0,by-content,verified-present,1,278,1,1,quote present,
price_per_share,gelesis_certificate,price_per_share,1.26,by-content,verified-present,1,300,1,1,quote present,
price_per_share,landing_page_series,price_per_share,1.0,by-content,verified-present,1,272,1,1,quote present,
price_per_share,mobile_systems_s1,price_per_share,0.2,by-content,verified-present,1,272,1,1,quote present,
price_per_share,washington_group,price_per_share,0.625,by-content,verified-present,1,299,1,1,quote present,
round_size,1260990,round_size,21272455,unresolved,not-checkable,1,43,,1,quote present,
round_size,1498738,round_size,5000000,unresolved,not-checkable,1,42,,1,quote present,
round_size,1597815,round_size,3728926,unresolved,not-checkable,1,42,,1,quote present,
round_size,1981408,round_size,14040000,by-content,verified-absent,1,43,0,1,quote present,validating quote NOT found in the source document
round_size,1436444,round_size,7661116,unresolved,not-checkable,1,42,,1,quote present,
round_size,1887997,round_size,6085780,unresolved,not-checkable,1,42,,1,quote present,
round_size,1601118,round_size,8881213,unresolved,not-checkable,1,42,,1,quote present,
round_size,1520726,round_size,5500000,unresolved,not-checkable,1,42,,1,quote present,
round_size,1651590,round_size,5787732,unresolved,not-checkable,1,42,,1,quote present,
round_size,1880063,round_size,5300600,unresolved,not-checkable,1,42,,1,quote present,
per_investor_allocation,roka,per_investor_allocation,4000000,by-name,verified-present,1,108,1,1,quote present,
per_investor_allocation,casmedical,per_investor_allocation,9418200,by-name,verified-present,1,194,1,1,quote present,
per_investor_allocation,ocular,per_investor_allocation,1650000,by-name,verified-present,1,97,1,1,quote present,
per_investor_allocation,navidea,per_investor_allocation,3000000,by-name,verified-present,1,107,1,1,quote present,
per_investor_allocation,quantrx,per_investor_allocation,46715.64,by-name,verified-present,1,93,1,1,quote present,
liquidation_preference_multiple,1236997_000106299308001834,liquidation_preference_multiple,1x,by-name,verified-present,1,116,1,1,quote present,
liquidation_preference_multiple,1283259_000149315225016953,liquidation_preference_multiple,1x,by-name,verified-present,1,116,1,1,quote present,
liquidation_preference_multiple,1479290_000119312514020967,liquidation_preference_multiple,1x,by-name,verified-present,1,117,1,1,quote present,
liquidation_preference_multiple,1538716_000119312519245313,liquidation_preference_multiple,2x,by-name,verified-present,1,148,1,1,quote present,
liquidation_preference_multiple,1883085_000188308524000060,liquidation_preference_multiple,2x,by-name,verified-present,1,147,1,1,quote present,
liquidation_preference_multiple,1904616_000121390023031361,liquidation_preference_multiple,2x,by-name,verified-present,1,147,1,1,quote present,
liquidation_preference_multiple,1062195_000110465903012203,liquidation_preference_multiple,3x,by-name,verified-present,1,119,1,1,quote present,
liquidation_preference_multiple,1274991_000119312510075918,liquidation_preference_multiple,3x,by-name,verified-present,1,119,1,1,quote present,
liquidation_preference_multiple,1447362_000114036119009024,liquidation_preference_multiple,3x,by-name,verified-present,1,119,1,1,quote present,
participation_type,1469166_000095012314005342,participation_type,non-participating,by-name,verified-absent,1,274,0,0,the quote not found: 'an amount per share of Series C Preferred equal to the great',validating quote NOT found in the source document; validating quote not inside the window the model is shown
participation_type,828146_000110465921129281,participation_type,non-participating,by-name,verified-present,1,253,1,1,quote present,
participation_type,1478121_000119312514227132,participation_type,participating,by-name,verified-present,2,106,1,1,all 2 span(s) present,
participation_type,1585521_000119312519083351,participation_type,non-participating,by-name,verified-present,3,101,1,1,all 2 span(s) present; 1 sub-40-char connective span(s) not required,
participation_type,1314727_000095012317011479,participation_type,non-participating,by-name,verified-present,2,101,1,1,all 2 span(s) present,
participation_type,319458_000143774924026112,participation_type,non-participating,by-name,verified-present,1,215,1,1,quote present,
participation_type,1119700_000114420405033377,participation_type,non-participating,by-name,verified-present,4,87,1,1,all 2 span(s) present; 2 sub-40-char connective span(s) not required,
participation_type,1067837_000119312515255977,participation_type,non-participating,by-name,verified-present,7,43,1,1,all 3 span(s) present; 4 sub-40-char connective span(s) not required,
participation_type,1604950_000119312517316695,participation_type,participating,by-name,verified-absent,3,45,0,0,span 2 of 2 not found: 'shall be distributed among the holders of the shares of Pref',validating quote NOT found in the source document; validating quote not inside the window the model is shown
participation_type,1722271_000091205720000111,participation_type,participating,by-name,verified-present,4,53,1,1,all 2 span(s) present; 2 sub-40-char connective span(s) not required,
participation_type,1076103_000091476003000217,participation_type,participating,by-name,verified-present,5,78,1,1,all 2 span(s) present; 3 sub-40-char connective span(s) not required,
participation_type,1200720_000104746904001493,participation_type,capped,by-name,verified-present,1,241,1,1,quote present,
participation_type,1113481_000111348114000003,participation_type,capped,by-name,verified-present,2,292,1,1,all 1 span(s) present; 1 sub-40-char connective span(s) not required,
participation_type,1447599_000119312515209758,participation_type,capped,by-name,verified-present,3,108,1,1,all 3 span(s) present,
participation_type,1327811_000132781118000039,participation_type,capped,by-name,verified-present,3,224,1,1,all 1 span(s) present; 2 sub-40-char connective span(s) not required,
participation_type,1344413_000089161805000914,participation_type,capped,by-name,verified-present,3,170,1,1,all 1 span(s) present; 2 sub-40-char connective span(s) not required,
participation_type,1374128_000119312517292995,participation_type,participating,by-name,verified-present,2,194,1,1,all 1 span(s) present; 1 sub-40-char connective span(s) not required,
participation_type,1053148_000095014401503351,participation_type,participating,by-name,verified-absent,2,253,0,0,"the quote not found: 'the preferential amounts so payable to them, the remaining a'",validating quote NOT found in the source document; validating quote not inside the window the model is shown
participation_cap,1200720_000104746904001493,participation_cap,3.5,by-name,verified-present,1,166,1,1,quote present,
participation_cap,1447599_000119312515209758,participation_cap,3,by-name,verified-present,1,134,1,1,quote present,
participation_cap,1344413_000089161805000914,participation_cap,3,by-name,verified-present,1,172,1,1,quote present,
preference_seniority,1076103_000091476003000217,preference_seniority,stacked,by-name,verified-present,1,235,1,1,quote present,
preference_seniority,1341470_000119312509004895,preference_seniority,stacked,by-name,verified-present,1,269,1,1,quote present,
preference_seniority,1477449_000155837016008265,preference_seniority,stacked,by-name,verified-present,1,192,1,1,quote present,
preference_seniority,932699_000093269916000092,preference_seniority,stacked,by-name,verified-present,1,235,1,1,quote present,
preference_seniority,1092283_000119312505071414,preference_seniority,stacked,by-name,verified-present,1,231,1,1,quote present,
preference_seniority,1585521_000119312519083351,preference_seniority,pari-passu,by-name,verified-present,1,246,1,1,quote present,
preference_seniority,1113481_000111348114000003,preference_seniority,pari-passu,by-name,verified-present,1,216,1,1,quote present,
preference_seniority,1556898_000119312517274422,preference_seniority,pari-passu,by-name,verified-present,1,257,1,1,quote present,
preference_seniority,745788_000114420408016648,preference_seniority,pari-passu,by-name,verified-present,1,239,1,1,quote present,
preference_seniority,878720_000089843001500356,preference_seniority,pari-passu,by-name,verified-present,1,277,1,1,quote present,
preference_seniority,1123195_000112319502000020,preference_seniority,pari-passu,by-name,verified-present,1,237,1,1,quote present,
dividend_rate_pct,1119700_000114420405033377,dividend_rate_pct,6,by-name,verified-present,1,60,1,1,quote present,
dividend_rate_pct,1725255_000110465920135025,dividend_rate_pct,8.0,by-name,verified-present,1,90,1,1,quote present,
dividend_rate_pct,1620179_000104746918002690,dividend_rate_pct,10,by-name,verified-present,1,77,1,1,quote present,
dividend_rate_pct,1604950_000119312517316695,dividend_rate_pct,6,by-name,verified-present,1,79,1,1,quote present,
dividend_rate_pct,1445499_000095012321001942,dividend_rate_pct,8,unresolved,not-checkable,1,63,,1,quote present,
dividend_rate_pct,1585521_000119312519083351,dividend_rate_pct,6,unresolved,not-checkable,1,113,,1,quote present,
dividend_cumulative,1067837_000119312515255977,dividend_cumulative,cumulative,by-name,verified-present,1,265,1,1,quote present,
dividend_cumulative,1119700_000114420405033377,dividend_cumulative,cumulative,by-name,verified-present,1,259,1,1,quote present,
dividend_cumulative,1200720_000104746904001493,dividend_cumulative,cumulative,by-name,verified-present,1,297,1,1,quote present,
dividend_cumulative,1337675_000114420407009831,dividend_cumulative,cumulative,by-name,verified-present,1,258,1,1,quote present,
dividend_cumulative,1461993_000119312517361673,dividend_cumulative,cumulative,by-name,verified-present,1,270,1,1,quote present,
dividend_cumulative,1568194_000119312522082723,dividend_cumulative,cumulative,by-name,verified-present,1,264,1,1,quote present,
dividend_cumulative,1620179_000104746918002690,dividend_cumulative,cumulative,by-name,verified-present,1,272,1,1,quote present,
dividend_cumulative,1725255_000110465920135025,dividend_cumulative,cumulative,by-name,verified-present,1,288,1,1,quote present,
dividend_cumulative,1445499_000095012321001942,dividend_cumulative,non-cumulative,by-name,verified-present,1,268,1,1,quote present,
dividend_cumulative,1447599_000119312515209758,dividend_cumulative,non-cumulative,by-name,verified-present,1,277,1,1,quote present,
dividend_cumulative,1477449_000155837016008265,dividend_cumulative,non-cumulative,by-name,verified-present,1,259,1,1,quote present,
dividend_cumulative,1722271_000091205720000111,dividend_cumulative,non-cumulative,by-name,verified-present,1,266,1,1,quote present,
dividend_cumulative,1585521_000119312519083351,dividend_cumulative,non-cumulative,by-name,verified-present,1,262,1,1,quote present,
dividend_cumulative,1053148_000095014401503351,dividend_cumulative,non-cumulative,by-name,verified-present,1,286,1,1,quote present,
dividend_cumulative,1305253_000119312516625139,dividend_cumulative,non-cumulative,by-name,verified-present,1,277,1,1,quote present,
dividend_cumulative,1604950_000119312517316695,dividend_cumulative,non-cumulative,by-name,verified-present,1,255,1,1,quote present,
antidilution_type,1082733_000165495426003578,antidilution_type,weighted-average,by-name,verified-present,1,130,1,1,quote present,
antidilution_type,1093207_000114420414015857,antidilution_type,full-ratchet,by-name,verified-present,1,122,1,1,quote present,
antidilution_type,1103078_000119312505072191,antidilution_type,weighted-average,by-name,verified-present,1,126,1,1,quote present,
antidilution_type,1161315_000095012314003249,antidilution_type,full-ratchet,by-name,verified-present,1,122,1,1,quote present,
antidilution_type,1879403_000157587223000626,antidilution_type,none,by-name,verified-present,1,133,1,1,quote present,
antidilution_base,1082733_000165495426003578,antidilution_base,broad-based,by-name,verified-present,1,160,1,1,quote present,
antidilution_base,1103078_000119312505072191,antidilution_base,broad-based,by-name,verified-present,1,168,1,1,quote present,
antidilution_base,1090908_000143774913006947,antidilution_base,broad-based,by-name,verified-present,1,211,1,1,quote present,
antidilution_base,1108699_000101968704002883,antidilution_base,narrow-based,by-name,verified-present,1,160,1,1,quote present,
antidilution_base,1627480_000121390015005091,antidilution_base,narrow-based,by-name,verified-present,1,161,1,1,quote present,
antidilution_base,1752234_000114420418064195,antidilution_base,narrow-based,by-name,verified-present,1,161,1,1,quote present,
antidilution_base,1800315_000095012320009492,antidilution_base,narrow-based,by-name,verified-present,1,160,1,1,quote present,
antidilution_base,1093207_000114420414015857,antidilution_base,n/a,by-name,verified-present,1,152,1,1,quote present,
antidilution_base,1161315_000095012314003249,antidilution_base,n/a,by-name,verified-present,1,152,1,1,quote present,
antidilution_base,763901_000095012310045398,antidilution_base,n/a,by-name,verified-present,1,156,1,1,quote present,
conversion_ratio,loop_industries_1to1,conversion_ratio,1,by-content,verified-present,1,179,1,1,quote present,
conversion_ratio,precom_2to1,conversion_ratio,2,by-content,verified-present,1,153,1,1,quote present,
conversion_ratio,air_defense_100to1,conversion_ratio,100,by-content,verified-present,1,159,1,1,quote present,
conversion_ratio,boston_life_sciences_8000to1,conversion_ratio,8000,by-content,verified-present,1,153,1,1,quote present,
conversion_ratio,uwink_4p57to1,conversion_ratio,4.57,by-content,verified-present,1,145,1,1,quote present,
auto_conversion_trigger,silicon_energy_30m,auto_conversion_trigger,30000000,by-content,verified-present,1,172,1,1,quote present,
auto_conversion_trigger,elastic_bv_30m,auto_conversion_trigger,30000000,by-content,verified-present,1,218,1,1,quote present,
auto_conversion_trigger,asana_100m,auto_conversion_trigger,100000000,by-content,verified-present,1,182,1,1,quote present,
auto_conversion_trigger,filename2_30m,auto_conversion_trigger,30000000,by-prefix,verified-present,1,146,1,1,quote present,
auto_conversion_trigger,terrascend_30m,auto_conversion_trigger,30000000,by-content,verified-present,1,151,1,1,quote present,
redemption_rights,1725255_000110465920135025,redemption_rights,yes,by-name,verified-present,1,145,1,1,quote present,
redemption_rights,1780201_000119312521296901,redemption_rights,yes,by-name,verified-present,1,144,1,1,quote present,
redemption_rights,1469166_000095012314005342,redemption_rights,yes,by-name,verified-present,1,183,1,1,quote present,
redemption_rights,1660280_000095012318006158,redemption_rights,yes,by-name,verified-present,1,177,1,1,quote present,
redemption_rights,1478121_000119312514227132,redemption_rights,yes,by-name,verified-present,1,161,1,1,quote present,
redemption_rights,1781983_000104746919005375,redemption_rights,no,by-name,verified-present,1,116,1,1,quote present,
redemption_rights,1447599_000119312515209758,redemption_rights,no,by-name,verified-present,1,167,1,1,quote present,
redemption_rights,1556898_000119312517274422,redemption_rights,no,by-name,verified-present,1,172,1,1,quote present,
redemption_rights,1888780_000157587222000105,redemption_rights,no,by-name,verified-present,1,146,1,1,quote present,
redemption_rights,1411057_000168316822006041,redemption_rights,no,by-name,verified-present,1,172,1,1,quote present,
safe_valuation_cap,1657493_000121390021028831_cap,safe_valuation_cap,15000000,by-prefix,verified-present,1,117,1,1,quote present,
safe_valuation_cap,1486452_000168316824001414_cap,safe_valuation_cap,20000000,by-prefix,verified-present,1,120,1,1,quote present,
safe_valuation_cap,2036444_000121390025123767_cap,safe_valuation_cap,30000000,by-prefix,verified-present,1,123,1,1,quote present,
safe_valuation_cap,746210_000143774926019366_cap,safe_valuation_cap,40000000,by-prefix,verified-present,1,122,1,1,quote present,
safe_valuation_cap,1838987_000121390024014892_cap,safe_valuation_cap,53540000,by-prefix,verified-present,1,125,1,1,quote present,
safe_valuation_cap,1900520_000121390024095442_cap,safe_valuation_cap,100000000,by-prefix,verified-present,1,121,1,1,quote present,
safe_valuation_cap,2010788_000149315224005725_cap,safe_valuation_cap,100000000,by-prefix,verified-present,1,150,1,1,quote present,
safe_valuation_cap,1811623_000110465922070160_cap,safe_valuation_cap,150000000,by-prefix,verified-present,1,121,1,1,quote present,
safe_discount_rate,manako_20,safe_discount_rate,20,by-content,verified-present,1,150,1,1,quote present,
safe_discount_rate,eighty_20,safe_discount_rate,20,by-content,verified-present,1,127,1,1,quote present,
safe_discount_rate,80pct_20,safe_discount_rate,20,by-content,verified-present,1,141,1,1,quote present,
safe_discount_rate,ninety_10,safe_discount_rate,10,by-content,verified-present,1,111,1,1,quote present,
safe_discount_rate,50pct_2,safe_discount_rate,50,by-content,verified-present,1,110,1,1,quote present,
safe_discount_rate,80pct_2,safe_discount_rate,20,by-content,verified-present,1,112,1,1,quote present,
safe_discount_rate,fifty_50_1,safe_discount_rate,50,by-content,verified-present,1,119,1,1,quote present,
safe_discount_rate,85pct_15,safe_discount_rate,15,by-content,verified-present,1,110,1,1,quote present,
safe_discount_rate,sos_50,safe_discount_rate,50,by-content,verified-present,1,122,1,1,quote present,
safe_cap_vs_discount_applies,snm_discount_only,safe_cap_vs_discount_applies,discount,by-content,verified-present,1,149,1,1,quote present,
safe_cap_vs_discount_applies,parker_both_mfn,safe_cap_vs_discount_applies,both-mfn,by-content,verified-present,1,197,1,1,quote present,
safe_cap_vs_discount_applies,sos_both_mfn,safe_cap_vs_discount_applies,both-mfn,by-content,verified-present,1,198,1,1,quote present,
safe_cap_vs_discount_applies,maison_both_mfn,safe_cap_vs_discount_applies,both-mfn,by-content,verified-present,1,196,1,1,quote present,
safe_cap_vs_discount_applies,rentberry_both_mfn,safe_cap_vs_discount_applies,both-mfn,by-content,verified-present,1,196,1,1,quote present,
safe_cap_vs_discount_applies,paxmedica_both_mfn,safe_cap_vs_discount_applies,both-mfn,by-content,verified-present,1,197,1,1,quote present,
safe_cap_vs_discount_applies,creci_both_mfn,safe_cap_vs_discount_applies,both-mfn,by-content,verified-present,1,196,1,1,quote present,
safe_cap_vs_discount_applies,complete_both_mfn,safe_cap_vs_discount_applies,both-mfn,by-content,verified-present,1,193,1,1,quote present,
safe_cap_vs_discount_applies,lomond_both_mfn,safe_cap_vs_discount_applies,both-mfn,by-content,verified-present,1,197,1,1,quote present,
safe_cap_vs_discount_applies,neo_aero_both_mfn,safe_cap_vs_discount_applies,both-mfn,by-content,verified-present,1,197,1,1,quote present,
safe_cap_vs_discount_applies,taoweave_both_mfn,safe_cap_vs_discount_applies,both-mfn,by-content,verified-present,1,204,1,1,quote present,
safe_cap_vs_discount_applies,gardedam_cap_only,safe_cap_vs_discount_applies,cap,by-content,verified-present,1,204,1,1,quote present,
safe_cap_vs_discount_applies,flowhub_cap_only,safe_cap_vs_discount_applies,cap,by-content,verified-present,1,209,1,1,quote present,
safe_pre_post,1821951_000121390022000982,safe_cap_type,post-money,by-name,verified-present,1,200,1,1,quote present,
safe_pre_post,1851491_000157587226000456,safe_cap_type,post-money,by-name,verified-present,1,184,1,1,quote present,
safe_pre_post,1386049_000109690621002893,safe_cap_type,post-money,by-name,verified-present,1,256,1,1,quote present,
safe_pre_post,1777274_000121390020033888,safe_cap_type,post-money,by-name,verified-present,1,252,1,1,quote present,
safe_pre_post,2084032_000121390026025748,safe_cap_type,post-money,by-name,verified-present,1,186,1,1,quote present,
safe_pre_post,1900520_000121390024095442,safe_cap_type,post-money,by-name,verified-present,1,252,1,1,quote present,
safe_pre_post,746210_000143774926019366,safe_cap_type,post-money,by-name,verified-present,1,255,1,1,quote present,
safe_pre_post,1811623_000110465922070160,safe_cap_type,post-money,by-name,verified-present,1,253,1,1,quote present,
safe_pre_post,1486452_000168316824001414,safe_cap_type,post-money,by-name,verified-present,1,253,1,1,quote present,
safe_pre_post,1937891_000149315226027213,safe_cap_type,post-money,by-name,verified-present,1,250,1,1,quote present,
safe_pre_post,2036444_000121390025123767,safe_cap_type,pre-money,by-name,verified-present,1,253,1,1,quote present,
safe_pre_post,1657493_000121390021028831,safe_cap_type,pre-money,by-name,verified-present,1,250,1,1,quote present,
safe_pre_post,1838987_000121390024014892,safe_cap_type,pre-money,by-name,verified-present,1,257,1,1,quote present,
safe_pre_post,2010788_000149315224005725,safe_cap_type,pre-money,by-name,verified-present,1,252,1,1,quote present,
safe_pre_post,837852_000110465921011524,safe_cap_type,pre-money,by-name,verified-present,1,252,1,1,quote present,
safe_pre_post,1158780_000121390025023733,safe_cap_type,pre-money,by-name,verified-present,1,254,1,1,quote present,
safe_mfn_present,d715014dex1026_htm,safe_mfn_present,yes,by-name,verified-present,1,169,1,1,quote present,
safe_mfn_present,0001477932-18-004207_mblc_ex103,safe_mfn_present,yes,by-name,verified-present,1,163,1,1,quote present,
safe_mfn_present,0001477932-18-004955_mblc_ex103,safe_mfn_present,yes,by-name,verified-present,1,163,1,1,quote present,
safe_mfn_present,0001493152-22-033890_ex10-3,safe_mfn_present,yes,by-name,verified-present,1,163,1,1,quote present,
safe_mfn_present,0001424884-15-000185_exhibit10-11,safe_mfn_present,no,by-name,verified-present,1,106,1,1,quote present,
safe_mfn_present,0001493152-22-024010_ex3-3,safe_mfn_present,no,by-name,verified-present,1,118,1,1,quote present,
safe_mfn_present,0001721868-21-000866_filename15,safe_mfn_present,no,by-name,verified-present,1,124,1,1,quote present,
safe_pro_rata_side_letter,0000721748-17-000529_s1safe,safe_pro_rata_side_letter,yes,by-name,verified-present,1,135,1,1,quote present,
safe_pro_rata_side_letter,0000721748-17-000577_s1safe,safe_pro_rata_side_letter,yes,by-name,verified-present,1,135,1,1,quote present,
safe_pro_rata_side_letter,0001424884-15-000185_exhibit10-11,safe_pro_rata_side_letter,yes,by-name,verified-present,1,135,1,1,quote present,
safe_pro_rata_side_letter,0001477932-18-004207_mblc_ex103,safe_pro_rata_side_letter,yes,by-name,verified-present,1,135,1,1,quote present,
safe_pro_rata_side_letter,0001477932-18-004955_mblc_ex103,safe_pro_rata_side_letter,yes,by-name,verified-present,1,135,1,1,quote present,
safe_pro_rata_side_letter,0001493152-22-024010_ex3-3,safe_pro_rata_side_letter,yes,by-name,verified-present,1,135,1,1,quote present,
safe_pro_rata_side_letter,0001493152-22-033890_ex10-3,safe_pro_rata_side_letter,yes,by-name,verified-present,1,135,1,1,quote present,
safe_pro_rata_side_letter,0001721868-21-000866_filename15,safe_pro_rata_side_letter,yes,by-name,verified-present,1,135,1,1,quote present,
safe_pro_rata_side_letter,0001903596-22-000170_f2ssos102121ex4_13,safe_pro_rata_side_letter,yes,by-name,verified-present,1,135,1,1,quote present,
safe_pro_rata_side_letter,0001193125-26-035812_filename4,safe_pro_rata_side_letter,no,by-name,verified-present,2,63,1,1,all 1 span(s) present; 1 sub-40-char connective span(s) not required,
safe_pro_rata_side_letter,0001193125-26-153091_rea-ex4_2,safe_pro_rata_side_letter,no,by-name,verified-present,1,131,1,1,quote present,
safe_pro_rata_side_letter,0001117768-17-001842_mainbody,safe_pro_rata_side_letter,no,by-name,verified-present,1,109,1,1,quote present,
safe_pro_rata_side_letter,0001575872-26-000442_amass027_8k,safe_pro_rata_side_letter,no,by-name,verified-present,1,118,1,1,quote present,
safe_pro_rata_side_letter,0001437749-26-019366_twav20260603_8k,safe_pro_rata_side_letter,no,by-name,verified-present,1,126,1,1,quote present,
safe_pro_rata_side_letter,0001104659-21-005324_tm213128d1_ex99-1,safe_pro_rata_side_letter,no,by-name,verified-present,1,114,1,1,quote present,
note_principal,0007217481400043_acology,note_principal,400000,by-content,verified-present,1,186,1,1,quote present,
note_principal,0008929170200000_gardenburger,note_principal,17364375,by-content,verified-present,1,230,1,1,quote present,
note_principal,0001213900170072_minerco_ciarello,note_principal,12500,by-content,verified-present,1,178,1,1,quote present,
note_principal,0001213900170072_minerco_schmidt,note_principal,12500,by-content,verified-present,1,174,1,1,quote present,
note_principal,0001213900170072_minerco_msf,note_principal,350000,by-content,verified-present,1,210,1,1,quote present,
note_principal,0001213900170072_minerco_rios,note_principal,100000,by-content,verified-present,1,171,1,1,quote present,
note_principal,0001213900170072_minerco_pacific_isle,note_principal,250000,by-content,verified-present,1,208,1,1,quote present,
note_interest_rate,acology_0p28,note_interest_rate,0.28,by-content,verified-present,1,228,1,1,quote present,
note_interest_rate,smartserv_10p00,note_interest_rate,10.0,by-content,verified-present,1,186,1,1,quote present,
note_interest_rate,veritasfarms_10p00,note_interest_rate,10.0,by-content,verified-present,1,197,1,1,quote present,
note_interest_rate,greenfieldrobotics_8p00,note_interest_rate,8.0,by-content,verified-present,1,216,1,1,quote present,
note_interest_rate,lanzatech_8p00,note_interest_rate,8.0,by-content,verified-present,1,218,1,1,quote present,
note_interest_rate,xtiaero_10p00,note_interest_rate,10.0,by-content,verified-present,1,193,1,1,quote present,
note_maturity_date,gardenburger_2005_03_31,note_maturity_date,2005-03-31,by-content,verified-present,1,269,1,1,quote present,
note_maturity_date,acology_2015_03_04,note_maturity_date,2015-03-04,by-content,verified-present,1,279,1,1,quote present,
note_maturity_date,xtiaero_2026_12_31,note_maturity_date,2026-12-31,by-content,verified-present,1,149,1,1,quote present,
note_maturity_date,veritasfarms_2026_10_01,note_maturity_date,2026-10-01,by-content,verified-present,1,270,1,1,quote present,
note_valuation_cap,damon_tranche_19to22,note_valuation_cap,125000000,by-content,verified-present,1,164,1,1,quote present,
note_valuation_cap,realpha_cap_definition,note_valuation_cap,25000000,by-content,verified-present,1,155,1,1,quote present,
note_valuation_cap,exyn_technologies,note_valuation_cap,90000000,by-content,verified-present,1,121,1,1,quote present,
note_valuation_cap,greenfield_robotics,note_valuation_cap,30000000,by-content,verified-present,1,144,1,1,quote present,
note_discount,greenfield_robotics_20pct,note_discount,20.0,by-content,verified-present,1,268,1,1,quote present,
note_discount,exyn_technologies_25pct,note_discount,25.0,by-content,verified-present,1,229,1,1,quote present,
note_discount,acology_50pct,note_discount,50.0,by-content,verified-present,1,166,1,1,quote present,
note_discount,hepalife_5pct_vwap,note_discount,5.0,by-content,verified-present,1,160,1,1,quote present,
note_qualified_financing_threshold,lanzatech_40m,note_qualified_financing_threshold,40000000,by-content,verified-present,1,255,1,1,quote present,
note_qualified_financing_threshold,xtiaero_10m,note_qualified_financing_threshold,10000000,by-content,verified-present,1,179,1,1,quote present,
current_ownership_pct,uber_garrett_camp,current_ownership_pct,6.0,unresolved,not-checkable,1,111,,0,"the quote not found: 'Garrett Camp (through Expa-1, LLC and RMG-Trust LLC): 81,575'",validating quote not inside the window the model is shown
current_ownership_pct,uber_matt_cohler_benchmark,current_ownership_pct,11.0,unresolved,not-checkable,1,126,,0,the quote not found: 'Entities affiliated with Benchmark Capital Partners (Matt Co',validating quote not inside the window the model is shown
current_ownership_pct,uber_ryan_graves,current_ownership_pct,2.4,unresolved,not-checkable,1,70,,0,"the quote not found: 'Ryan Graves: 33,184 thousand shares of 1,362,500 thousand to'",validating quote not inside the window the model is shown
current_ownership_pct,uber_travis_kalanick,current_ownership_pct,8.6,unresolved,not-checkable,1,75,,0,"the quote not found: 'Travis Kalanick: 117,505 thousand shares of 1,362,500 thousa'",validating quote not inside the window the model is shown
current_ownership_pct,uber_al_rumayyan_pif_director,current_ownership_pct,5.4,unresolved,not-checkable,1,108,,0,"the quote not found: 'H.E. Yasir Al-Rumayyan (director; PIF-affiliated): 72,963 th'",validating quote not inside the window the model is shown
current_ownership_pct,uber_sb_cayman,current_ownership_pct,16.3,unresolved,not-checkable,1,107,,0,"the quote not found: 'SB Cayman 2 Ltd. (SoftBank-affiliated vehicle): 222,228 thou'",validating quote not inside the window the model is shown
current_ownership_pct,uber_alphabet_entities,current_ownership_pct,5.2,unresolved,not-checkable,1,97,,0,"the quote not found: 'Entities affiliated with Alphabet Inc.: 71,097 thousand shar'",validating quote not inside the window the model is shown
current_ownership_pct,uber_public_investment_fund,current_ownership_pct,5.3,unresolved,not-checkable,1,85,,0,"the quote not found: 'The Public Investment Fund: 72,841 thousand shares of 1,362,'",validating quote not inside the window the model is shown
current_ownership_pct,uber_all_directors_officers_group,current_ownership_pct,33.9,unresolved,not-checkable,1,121,,0,the quote not found: 'All directors and executive officers as a group (19 persons)',validating quote not inside the window the model is shown
founder_ownership_pct,uber_garrett_camp_founder,founder_ownership_pct,6.0,unresolved,not-checkable,1,120,,0,"the quote not found: 'Garrett Camp (Founder; through Expa-1, LLC and RMG-Trust LLC'",validating quote not inside the window the model is shown
founder_ownership_pct,uber_travis_kalanick_founder,founder_ownership_pct,8.6,unresolved,not-checkable,1,85,,0,"the quote not found: 'Travis Kalanick (Founder): 117,505 thousand shares of 1,362,'",validating quote not inside the window the model is shown
founder_ownership_pct,uber_ryan_graves_ceo,founder_ownership_pct,2.4,unresolved,not-checkable,1,86,,0,"the quote not found: 'Ryan Graves (CEO 2009-2010): 33,184 thousand shares of 1,362'",validating quote not inside the window the model is shown
investor_ownership_pct,uber_sb_cayman_investor,investor_ownership_pct,16.3,unresolved,not-checkable,1,118,,0,the quote not found: 'SB Cayman 2 Ltd. (SoftBank-affiliated investment vehicle): 2',validating quote not inside the window the model is shown
investor_ownership_pct,uber_benchmark_investor,investor_ownership_pct,11.0,unresolved,not-checkable,1,112,,0,"the quote not found: 'Entities affiliated with Benchmark Capital Partners: 150,079'",validating quote not inside the window the model is shown
investor_ownership_pct,uber_pif_investor,investor_ownership_pct,5.3,unresolved,not-checkable,1,85,,0,"the quote not found: 'The Public Investment Fund: 72,841 thousand shares of 1,362,'",validating quote not inside the window the model is shown
investor_ownership_pct,uber_alphabet_investor,investor_ownership_pct,5.2,unresolved,not-checkable,1,97,,0,"the quote not found: 'Entities affiliated with Alphabet Inc.: 71,097 thousand shar'",validating quote not inside the window the model is shown
employee_pool_pct,uber_2019_equity_incentive_plan_pool,employee_pool_pct,9.5,unresolved,not-checkable,1,120,,0,the quote not found: '130.0 million shares of our common stock reserved for future',validating quote not inside the window the model is shown
option_pool_shuffle,example1,option_pool_shuffle,0.909,by-content,verified-present,1,90,1,0,"the quote not found: 'The company will issue and sell 1,100,110 shares of Series A'",validating quote not inside the window the model is shown
option_pool_shuffle,example2,option_pool_shuffle,0.24,by-content,verified-present,1,90,1,0,"the quote not found: 'The company will issue and sell 2,500,000 shares of Series A'",validating quote not inside the window the model is shown
option_pool_shuffle,example3,option_pool_shuffle,0.6956,by-content,verified-present,1,91,1,0,"the quote not found: 'The company will issue and sell 2,875,215 shares of Series A'",validating quote not inside the window the model is shown
fully_diluted_basis,actelis_ex,fully_diluted_basis,fully-diluted,by-name,verified-present,1,74,1,1,quote present,
fully_diluted_basis,sybari_ex,fully_diluted_basis,fully-diluted,by-name,verified-present,1,103,1,1,quote present,
fully_diluted_basis,emageon_ex,fully_diluted_basis,fully-diluted,by-name,verified-present,1,76,1,1,quote present,
fully_diluted_basis,ignentertainment_ex,fully_diluted_basis,fully-diluted,by-name,verified-present,1,148,1,1,quote present,
fully_diluted_basis,actelis_body,fully_diluted_basis,issued-outstanding,by-name,verified-present,1,79,1,1,quote present,
fully_diluted_basis,ignentertainment_body,fully_diluted_basis,issued-outstanding,by-name,verified-present,1,81,1,1,quote present,
fully_diluted_basis,hyrecar_body,fully_diluted_basis,issued-outstanding,by-name,verified-present,1,78,1,1,quote present,
fully_diluted_basis,castlebio_body,fully_diluted_basis,issued-outstanding,by-name,verified-present,1,79,1,1,quote present,
multi_round_stacked_dilution,civitas,multi_round_stacked_dilution,32.89,by-name,verified-present,1,43,1,0,the quote not found: 'Dilution per share to new investors $ 32.89',validating quote not inside the window the model is shown
multi_round_stacked_dilution,hyrecar,multi_round_stacked_dilution,2.09,by-name,verified-present,1,59,1,0,the quote not found: 'Dilution per share to new investors in this offering $ 2.09',validating quote not inside the window the model is shown
multi_round_stacked_dilution,castlebio,multi_round_stacked_dilution,28.82,by-name,verified-present,1,66,1,0,the quote not found: 'Dilution per share to new investors participating in this of',validating quote not inside the window the model is shown
multi_round_stacked_dilution,veritone,multi_round_stacked_dilution,14.9,by-name,verified-present,1,78,1,0,the quote not found: 'Dilution per share to new investors purchasing shares in thi',validating quote not inside the window the model is shown
multi_round_stacked_dilution,axcella,multi_round_stacked_dilution,1.96,by-name,verified-present,1,76,1,0,the quote not found: 'immediate dilution of $1.96 in as adjusted net tangible book',validating quote not inside the window the model is shown
liquidation_waterfall_payout,col1_selected_companies_ltm,liquidation_waterfall_payout,0.51,unresolved,not-checkable,2,5,,0,span 1 of 2 not found: 'Implied Per Share Reference Range',validating quote not inside the window the model is shown
liquidation_waterfall_payout,col2_selected_companies_fy17e,liquidation_waterfall_payout,0.42,unresolved,not-checkable,2,5,,0,span 1 of 2 not found: 'Implied Per Share Reference Range',validating quote not inside the window the model is shown
liquidation_waterfall_payout,col3_selected_companies_fy18e,liquidation_waterfall_payout,0.39,unresolved,not-checkable,2,5,,0,span 1 of 2 not found: 'Implied Per Share Reference Range',validating quote not inside the window the model is shown
liquidation_waterfall_payout,col4_discounted_cash_flow,liquidation_waterfall_payout,0.44,unresolved,not-checkable,2,5,,0,span 1 of 2 not found: 'Implied Per Share Reference Range',validating quote not inside the window the model is shown
preference_stack_payout,series_a,preference_stack_payout,58.9,unresolved,not-checkable,1,128,,1,quote present,
preference_stack_payout,series_b,preference_stack_payout,19.7,unresolved,not-checkable,1,128,,1,quote present,
convert_vs_preference_decision,example4_convert,convert_vs_preference_decision,convert,by-content,verified-present,1,67,1,0,the quote not found: 'the investor would elect to convert the Agreement for Future',validating quote not inside the window the model is shown
convert_vs_preference_decision,example5_take_preference,convert_vs_preference_decision,take-preference,by-content,verified-present,1,68,1,0,the quote not found: 'the investor would elect to cash out the Agreement for Futur',validating quote not inside the window the model is shown
board_seats_investor,0001047469-03-010357_a2106288zex-4_8,board_seats_investor,3,by-name,verified-present,1,205,1,1,quote present,
board_seats_investor,0001047469-09-010296_a2195611zex-4_1,board_seats_investor,1,by-name,verified-present,1,163,1,1,quote present,
board_seats_investor,0001104659-17-048201_a17-18633_1ex10d6_pjc,board_seats_investor,3,by-prefix,verified-present,1,145,1,1,quote present,
board_seats_investor,0001104659-17-048201_a17-18633_1ex10d6_opal,board_seats_investor,1,by-prefix,verified-present,1,137,1,1,quote present,
board_seats_investor,0001193125-12-119900_d267119dex43_quantum,board_seats_investor,1,by-prefix,verified-present,1,126,1,1,quote present,
board_seats_investor,0001193125-12-119900_d267119dex43_tribal,board_seats_investor,2,by-prefix,verified-present,1,125,1,1,quote present,
board_seats_investor,0000950134-07-010103_d46152e8vk_mdp,board_seats_investor,5,by-prefix,verified-present,1,162,1,1,quote present,
board_seats_investor,0000950134-07-010103_d46152e8vk_mdp_old,board_seats_investor,9,by-prefix,verified-present,1,167,1,1,quote present,
board_seats_investor,0001437749-22-001514_ex_325546,board_seats_investor,1,by-name,verified-present,1,157,1,1,quote present,
protective_provisions,0001047469-12-003207_a2208385zex-3_1,protective_provisions,yes,by-name,verified-present,1,110,1,1,quote present,
protective_provisions,0001628280-21-018818_exhibit31-sx1,protective_provisions,yes,by-name,verified-present,1,139,1,1,quote present,
protective_provisions,0000950123-10-024749_w77389exv3w1,protective_provisions,yes,by-name,verified-present,1,163,1,1,quote present,
protective_provisions,0001193125-14-104715_d641160dex31,protective_provisions,yes,by-name,verified-present,1,171,1,1,quote present,
protective_provisions,0001193125-04-167617_dex41,protective_provisions,yes,by-name,verified-present,1,174,1,1,quote present,
protective_provisions,0000950134-06-002466_f17144exv99w2,protective_provisions,yes,by-name,verified-present,1,173,1,1,quote present,
protective_provisions,0001193125-07-255707_dex32,protective_provisions,no,by-name,verified-present,1,167,1,1,quote present,
protective_provisions,0001144204-13-065207_v361967_ex99-1,protective_provisions,no,by-name,verified-present,1,111,1,1,quote present,
protective_provisions,0001193125-05-192064_dex101,protective_provisions,no,by-name,verified-present,1,134,1,1,quote present,
protective_provisions,0001193125-08-189285_dex31,protective_provisions,no,by-name,verified-present,1,147,1,1,quote present,
protective_provisions,0001193125-17-003078_d284169dex31,protective_provisions,no,by-name,verified-present,1,169,1,1,quote present,
protective_provisions,0001068874-16-000081_imsc160408_ex10z3,protective_provisions,no,by-name,verified-present,1,122,1,1,quote present,
information_rights,0001193125-11-204682_dex402,information_rights,yes,by-name,verified-present,1,131,1,1,quote present,
information_rights,0000950123-09-064388_f53797orexv4w2,information_rights,yes,by-name,verified-present,1,128,1,1,quote present,
information_rights,0000950123-14-010038_filename6,information_rights,yes,by-name,verified-present,1,156,1,1,quote present,
information_rights,0000950123-20-004953_filename4,information_rights,yes,by-name,verified-present,1,146,1,1,quote present,
information_rights,0001628280-21-019876_exhibit102-sx1,information_rights,yes,by-name,verified-present,1,132,1,1,quote present,
information_rights,0000950134-08-014307_f42787exv10w2,information_rights,yes,by-name,verified-present,1,129,1,1,quote present,
information_rights,0001193125-06-212415_dex991,information_rights,no,by-name,verified-present,1,144,1,1,quote present,
information_rights,0001193125-07-042724_dex101,information_rights,no,by-name,verified-present,1,141,1,1,quote present,
information_rights,0000945841-07-000055_restrstockagreement,information_rights,no,by-name,verified-present,1,131,1,1,quote present,
information_rights,0001193125-15-060049_d836724dex1031,information_rights,no,by-name,verified-present,1,136,1,1,quote present,
information_rights,0000898173-20-000007_orly-20191231ex101926dba,information_rights,no,by-name,verified-present,1,126,1,1,quote present,
information_rights,0000950134-06-004765_c01111s1exv4w4,information_rights,no,by-name,verified-present,1,144,1,1,quote present,
pro_rata_rights,0001213900-26-025748_ea025686308ex10-4,pro_rata_rights,yes,by-name,verified-present,1,121,1,1,quote present,
pro_rata_rights,0001437749-26-019366_ex_971837,pro_rata_rights,yes,by-name,verified-present,1,118,1,1,quote present,
pro_rata_rights,0001104659-26-075802_tm2617498d1_ex3-9,pro_rata_rights,yes,by-name,verified-present,1,109,1,1,quote present,
pro_rata_rights,0001721868-21-000866_filename15,pro_rata_rights,yes,by-name,verified-present,1,135,1,1,quote present,
pro_rata_rights,0001477932-18-004207_mblc_ex103,pro_rata_rights,yes,by-name,verified-present,1,135,1,1,quote present,
pro_rata_rights,0001424884-15-000185_exhibit10-11,pro_rata_rights,yes,by-name,verified-present,1,135,1,1,quote present,
pro_rata_rights,0001193125-05-088679_dex105,pro_rata_rights,no,by-name,verified-present,1,136,1,1,quote present,
pro_rata_rights,0001104659-20-131754_tm2030105d13_ex10-20,pro_rata_rights,no,by-name,verified-present,1,131,1,1,quote present,
pro_rata_rights,0001047469-12-004869_a2208908zex-4_12,pro_rata_rights,no,by-name,verified-present,1,133,1,1,quote present,
pro_rata_rights,0001193125-06-192598_dex1012,pro_rata_rights,no,by-name,verified-present,1,125,1,1,quote present,
pro_rata_rights,0000950123-15-006790_filename6,pro_rata_rights,no,by-name,verified-present,1,158,1,1,quote present,
pro_rata_rights,0001193125-03-085295_dex108,pro_rata_rights,no,by-name,verified-present,1,135,1,1,quote present,
rofr_cosale,0000912057-13-000222_filename4,rofr_cosale,yes,by-name,verified-present,1,148,1,1,quote present,
rofr_cosale,0000950123-14-005490_filename11,rofr_cosale,yes,by-name,verified-present,1,129,1,1,quote present,
rofr_cosale,0000950144-02-006194_g76584exv4w7,rofr_cosale,yes,by-name,verified-present,1,154,1,1,quote present,
rofr_cosale,0001683168-22-000097_aclarion_ex1008,rofr_cosale,yes,by-name,verified-present,1,151,1,1,quote present,
rofr_cosale,0000912057-17-000020_filename4,rofr_cosale,yes,by-name,verified-present,1,124,1,1,quote present,
rofr_cosale,0000912057-01-534636_a2059793zex-10_20,rofr_cosale,yes,by-name,verified-present,1,142,1,1,quote present,
rofr_cosale,0000891020-07-000003_v25599a1exv9w1,rofr_cosale,no,by-name,verified-present,1,125,1,1,quote present,
rofr_cosale,0001493152-16-016248_ex10-1,rofr_cosale,no,by-name,verified-present,1,146,1,1,quote present,
rofr_cosale,0001628280-19-001592_tmhc-123118xex1031,rofr_cosale,no,by-name,verified-present,1,150,1,1,quote present,
rofr_cosale,0001077048-05-000165_ex10-1,rofr_cosale,no,by-name,verified-present,1,129,1,1,quote present,
rofr_cosale,0001144204-04-017555_v08033_green,rofr_cosale,no,by-name,verified-present,1,129,1,1,quote present,
rofr_cosale,0001193125-21-224403_d93222dex105,rofr_cosale,no,by-name,verified-present,1,141,1,1,quote present,
drag_along,0001193125-11-327662_d261388dex43,drag_along,yes,by-name,verified-present,1,148,1,1,quote present,
drag_along,0001047469-07-002039_a2176594zex-4_6,drag_along,yes,by-name,verified-present,1,165,1,1,quote present,
drag_along,0001193125-06-053345_dex101,drag_along,yes,by-name,verified-present,1,131,1,1,quote present,
drag_along,0001104659-12-073362_a12-25837_1ex10d6,drag_along,yes,by-name,verified-present,1,157,1,1,quote present,
drag_along,0000950123-02-009442_e62399a2exv10w20,drag_along,yes,by-name,verified-present,1,161,1,1,quote present,
drag_along,0001047469-06-008353_a2171167zex-10_13,drag_along,yes,by-name,verified-present,1,149,1,1,quote present,
drag_along,0001047469-13-008148_a2216187zex-10_3,drag_along,no,by-name,verified-present,1,130,1,1,quote present,
drag_along,0000912057-17-000020_filename4,drag_along,no,by-name,verified-present,1,124,1,1,quote present,
drag_along,0000950123-10-031429_b80142exv4w4,drag_along,no,by-name,verified-present,1,143,1,1,quote present,
drag_along,0000912057-01-534636_a2059793zex-10_20,drag_along,no,by-name,verified-present,1,123,1,1,quote present,
drag_along,0000950123-14-005490_filename11,drag_along,no,by-name,verified-present,1,143,1,1,quote present,
drag_along,0001144204-16-141777_v455883_ex3-2,drag_along,no,by-name,verified-present,1,143,1,1,quote present,
vesting_acceleration,912562_000091256215000002,vesting_acceleration,yes,by-name,verified-present,1,283,1,1,quote present,
vesting_acceleration,1671858_000119312522280241,vesting_acceleration,yes,by-name,verified-present,1,204,1,1,quote present,
vesting_acceleration,1293310_000119312512306440,vesting_acceleration,yes,by-name,verified-present,1,154,1,1,quote present,
vesting_acceleration,1433714_000119312514041287,vesting_acceleration,yes,by-name,verified-present,1,144,1,1,quote present,
vesting_acceleration,1452751_000119312513403444,vesting_acceleration,yes,by-name,verified-present,1,137,1,1,quote present,
vesting_acceleration,1108271_000119312504159873,vesting_acceleration,yes,by-name,verified-present,1,188,1,1,quote present,
vesting_acceleration,0001193125-13-046243_d484075d8k,vesting_acceleration,no,by-name,verified-present,1,154,1,1,quote present,
vesting_acceleration,0001451809-24-000052_ex1034offerofemployment-sa,vesting_acceleration,no,by-name,verified-present,1,123,1,1,quote present,
vesting_acceleration,0000950005-01-500034_p13538ex99-7,vesting_acceleration,no,by-name,verified-present,1,168,1,1,quote present,
vesting_schedule,1293310_000119312512306440,vesting_schedule,4yr/1yr-cliff,by-name,verified-present,1,258,1,1,quote present,
vesting_schedule,1452751_000119312513403444,vesting_schedule,4yr/1yr-cliff,by-name,verified-present,1,271,1,1,quote present,
vesting_schedule,1108271_000119312504159873,vesting_schedule,1.5yr/no-cliff,by-name,verified-present,1,246,1,1,quote present,
vesting_schedule,0001558370-21-008713_giii-20210628x8k,vesting_schedule,3yr/cliff,by-name,verified-present,1,233,1,1,quote present,
vesting_schedule,0001451809-24-000052_ex1034offerofemployment-sa,vesting_schedule,4yr/no-cliff,by-name,verified-present,1,250,1,1,quote present,
vesting_schedule,0001144204-15-053727_v419640_ex10-1,vesting_schedule,4yr/no-cliff,by-name,verified-present,1,256,1,1,quote present,
vesting_schedule,0001516513-23-000036_ex-107xcraigoverpeckofferl,vesting_schedule,4yr/no-cliff,by-name,verified-present,1,226,1,1,quote present,
vesting_schedule,0000020740-17-000006_a201610kex1012,vesting_schedule,4yr/no-cliff,by-name,verified-present,1,240,1,1,quote present,
vesting_schedule,0001104659-09-054183_a09-26145_18k,vesting_schedule,4yr/1yr-cliff,by-name,verified-present,1,232,1,1,quote present,
cliff_present,0001503707-23-000002_ltipformfinalforedgar,cliff_present,yes,by-name,verified-present,1,128,1,1,quote present,
cliff_present,0001558370-21-008713_giii-20210628x8k,cliff_present,yes,by-name,verified-present,1,128,1,1,quote present,
cliff_present,0000790816-14-000054_bdn8k-annualawards_031414,cliff_present,yes,by-name,verified-present,1,140,1,1,quote present,
cliff_present,0001144204-18-050119_tv502422_10k,cliff_present,yes,by-name,verified-present,1,139,1,1,quote present,
cliff_present,0001299933-11-000951_htm_41195,cliff_present,yes,by-name,verified-present,1,139,1,1,quote present,
cliff_present,0001104659-09-039164_a09-16464_1ex10d1,cliff_present,yes,by-name,verified-present,1,128,1,1,quote present,
cliff_present,0001451809-24-000052_ex1034offerofemployment-sa,cliff_present,no,by-name,verified-present,1,118,1,1,quote present,
cliff_present,0001144204-15-053727_v419640_ex10-1,cliff_present,no,by-name,verified-present,1,115,1,1,quote present,
cliff_present,0001516513-23-000036_ex-107xcraigoverpeckofferl,cliff_present,no,by-name,verified-present,1,111,1,1,quote present,
cliff_present,0001299933-05-001251_exhibit2,cliff_present,no,by-name,verified-present,1,122,1,1,quote present,
cliff_present,0000020740-17-000006_a201610kex1012,cliff_present,no,by-name,verified-present,1,140,1,1,quote present,
cliff_present,0001104659-09-054183_a09-26145_18k,cliff_present,no,by-name,verified-present,1,133,1,1,quote present,
acceleration_trigger,912562_000091256215000002,acceleration_trigger,double-trigger,by-name,verified-present,1,225,1,1,quote present,
acceleration_trigger,1671858_000119312522280241,acceleration_trigger,double-trigger,by-name,verified-present,1,237,1,1,quote present,
acceleration_trigger,1293310_000119312512306440,acceleration_trigger,double-trigger,by-name,verified-present,1,258,1,1,quote present,
acceleration_trigger,1433714_000119312514041287,acceleration_trigger,double-trigger,by-name,verified-present,1,244,1,1,quote present,
acceleration_trigger,1318568_000155837016005813,acceleration_trigger,double-trigger,by-name,verified-present,1,344,1,1,quote present,
acceleration_trigger,1396009_000095014408007433,acceleration_trigger,double-trigger,by-name,verified-present,1,268,1,1,quote present,
acceleration_trigger,1358403_000135840318000037,acceleration_trigger,double-trigger,by-name,verified-present,1,229,1,1,quote present,
acceleration_trigger,1452751_000119312513403444,acceleration_trigger,single-trigger,by-name,verified-present,1,290,1,1,quote present,
acceleration_trigger,1108271_000119312504159873,acceleration_trigger,single-trigger,by-name,verified-present,1,288,1,1,quote present,
acceleration_trigger,1566826_000121390025046512,acceleration_trigger,single-trigger,by-name,verified-present,1,242,1,1,quote present,
acceleration_trigger,1158172_000095013308000368,acceleration_trigger,single-trigger,by-name,verified-present,1,248,1,1,quote present,
acceleration_trigger,1661460_000119312523020421,acceleration_trigger,single-trigger,by-name,verified-present,1,245,1,1,quote present,
acceleration_trigger,31791_000003179124000004,acceleration_trigger,single-trigger,by-name,verified-present,1,216,1,1,quote present,
option_strike_409a,0001125282-06-006236_0p03,option_strike_409a,0.03,by-content,verified-present,1,135,1,1,quote present,
option_strike_409a,0001125282-06-006236_0p25,option_strike_409a,0.25,by-content,verified-present,1,135,1,1,quote present,
option_strike_409a,0001193125-11-194811_0p61,option_strike_409a,0.61,by-content,verified-present,1,143,1,1,quote present,
option_strike_409a,0001125282-06-006236_1p25,option_strike_409a,1.25,by-content,verified-present,1,135,1,1,quote present,
option_strike_409a,0001125282-06-007804_2p0,option_strike_409a,2.0,by-content,verified-present,1,135,1,1,quote present,
option_strike_409a,0001193125-11-194811_7p5,option_strike_409a,7.5,by-content,verified-present,1,143,1,1,quote present,
option_strike_409a,0001125282-06-006236_11p0,option_strike_409a,11.0,by-content,verified-present,1,135,1,1,quote present,
exercise_window,sirva,exercise_window,30 days,by-name,verified-present,1,66,1,1,quote present,
exercise_window,covisint,exercise_window,85 days,by-name,verified-present,1,46,1,1,quote present,
exercise_window,annaslinens,exercise_window,90 days,by-name,verified-present,1,55,1,1,quote present,
exercise_window,williamsscotsman,exercise_window,90 days,by-name,verified-present,1,46,1,1,quote present,
exercise_window,douglasdynamics1,exercise_window,180 days,by-name,verified-present,1,51,1,1,quote present,
securities_exemption,1102449,securities_exemption,506b,unresolved,not-checkable,1,16,,1,"quote present; the single span is 16 chars, below the 40-char evidence floor",
securities_exemption,1260990,securities_exemption,506b,unresolved,not-checkable,1,16,,1,"quote present; the single span is 16 chars, below the 40-char evidence floor",
securities_exemption,1444307,securities_exemption,506b,unresolved,not-checkable,1,16,,1,"quote present; the single span is 16 chars, below the 40-char evidence floor",
securities_exemption,1498738,securities_exemption,506c,by-content,verified-absent,1,16,0,1,"quote present; the single span is 16 chars, below the 40-char evidence floor",validating quote NOT found in the source document
securities_exemption,1597815,securities_exemption,506b,unresolved,not-checkable,1,16,,1,"quote present; the single span is 16 chars, below the 40-char evidence floor",
securities_exemption,1795387,securities_exemption,506c,unresolved,not-checkable,1,16,,1,"quote present; the single span is 16 chars, below the 40-char evidence floor",
securities_exemption,1804648,securities_exemption,506c,unresolved,not-checkable,1,16,,1,"quote present; the single span is 16 chars, below the 40-char evidence floor",
securities_exemption,1902507,securities_exemption,506c,unresolved,not-checkable,1,16,,1,"quote present; the single span is 16 chars, below the 40-char evidence floor",
securities_exemption,1947170,securities_exemption,506b,unresolved,not-checkable,1,16,,1,"quote present; the single span is 16 chars, below the 40-char evidence floor",
securities_exemption,1981408,securities_exemption,506b,unresolved,not-checkable,1,16,,1,"quote present; the single span is 16 chars, below the 40-char evidence floor",
form_d_fields,1456554_000145655410000002,form_d_field_value,"2,366,532",by-name,verified-present,1,238,1,1,quote present,
form_d_fields,1549044_000154904412000001,form_d_field_value,"70,227,931.85",by-name,verified-present,1,333,1,1,quote present,
s1_use_of_proceeds,hyrecar,s1_use_of_proceeds,general corporate purposes,by-name,verified-present,1,116,1,1,quote present,
s1_use_of_proceeds,castlebio,s1_use_of_proceeds,research and development activities,by-name,verified-present,1,179,1,1,quote present,
s1_use_of_proceeds,axcella,s1_use_of_proceeds,advance our current liver programs,by-name,verified-present,1,145,1,1,quote present,
s1_use_of_proceeds,veritone,s1_use_of_proceeds,working capital and general corporate purposes,by-name,verified-present,1,103,1,1,quote present,
s1_use_of_proceeds,civitas,s1_use_of_proceeds,redeem all of the senior notes,by-name,verified-present,1,120,1,1,quote present,
s1_risk_factors,hyrecar_1,s1_risk_factors,Our limited operating history makes it difficult to evaluate,by-prefix,verified-present,1,155,1,1,quote present,
s1_risk_factors,hyrecar_2,s1_risk_factors,"If we do not respond appropriately, the evolution of the aut",by-prefix,verified-present,1,173,1,1,quote present,
s1_risk_factors,hyrecar_3,s1_risk_factors,Fluctuating economic conditions make it difficult to predict,by-prefix,verified-present,1,152,1,1,quote present,
s1_risk_factors,axcella_1,s1_risk_factors,"If you purchase our common stock in this offering, you will ",by-prefix,verified-present,1,147,1,1,quote present,
s1_risk_factors,axcella_2,s1_risk_factors,"We have broad discretion in the use of our existing cash, ca",by-prefix,verified-present,1,148,1,1,quote present,
financial_statement_qa,civitas,financial_statement_qa,1123118,by-name,verified-present,1,67,1,1,quote present,
financial_statement_qa,ignentertainment,financial_statement_qa,17541,by-name,verified-present,1,47,1,1,quote present,
financial_statement_qa,castlebio,financial_statement_qa,22786,by-name,verified-present,1,12,1,1,"quote present; the single span is 12 chars, below the 40-char evidence floor",
financial_statement_qa,emageon,financial_statement_qa,12619,by-name,verified-present,1,55,1,1,quote present,
financial_statement_qa,hyrecar,financial_statement_qa,9777079,by-name,verified-present,1,52,1,1,quote present,
flag_offmarket_liqpref,1461993_000119312517361673,flag_offmarket_liqpref,yes,by-name,verified-present,1,146,1,1,quote present,
flag_offmarket_liqpref,877931_000119312508100740,flag_offmarket_liqpref,yes,by-name,verified-present,1,135,1,1,quote present,
flag_offmarket_liqpref,1427222_000101376208000358,flag_offmarket_liqpref,yes,by-name,verified-present,1,135,1,1,quote present,
flag_offmarket_liqpref,1780201_000119312521296901,flag_offmarket_liqpref,yes,by-name,verified-present,1,145,1,1,quote present,
flag_offmarket_liqpref,1130258_000104746906010148,flag_offmarket_liqpref,yes,unresolved,not-checkable,1,150,,1,quote present,
flag_offmarket_liqpref,1447599_000119312515209758,flag_offmarket_liqpref,no,by-name,verified-present,1,143,1,1,quote present,
flag_offmarket_liqpref,1722271_000091205720000111,flag_offmarket_liqpref,no,by-name,verified-present,1,143,1,1,quote present,
flag_offmarket_liqpref,1119700_000114420405033377,flag_offmarket_liqpref,no,by-name,verified-present,1,157,1,1,quote present,
flag_offmarket_liqpref,1327811_000132781118000039,flag_offmarket_liqpref,no,by-name,verified-present,1,198,1,1,quote present,
flag_offmarket_liqpref,1469166_000095012314005342,flag_offmarket_liqpref,no,by-name,verified-present,1,141,1,1,quote present,
flag_full_ratchet,0000950123-14-003249_filename2.htm,flag_full_ratchet,yes,by-name,verified-present,1,108,1,1,quote present,
flag_full_ratchet,0001104659-14-075598_a14-23423_18k.htm,flag_full_ratchet,yes,by-name,verified-present,1,114,1,1,quote present,
flag_full_ratchet,0001144204-14-015857_v371796_8k.htm,flag_full_ratchet,yes,by-name,verified-present,1,92,1,1,quote present,
flag_full_ratchet,0001193125-12-290128_d377132d8k.htm,flag_full_ratchet,yes,by-name,verified-present,1,112,1,1,quote present,
flag_full_ratchet,0000950134-02-011491_d99683e8vk.txt,flag_full_ratchet,no,by-name,verified-present,1,95,1,1,quote present,
flag_full_ratchet,1082733_000165495426003578,flag_full_ratchet,no,by-name,verified-present,1,133,1,1,quote present,
flag_full_ratchet,1103078_000119312505072191,flag_full_ratchet,no,by-name,verified-present,1,133,1,1,quote present,
flag_uncapped_participation,1076103_000091476003000217,flag_uncapped_participation,yes,by-name,verified-present,1,218,1,1,quote present,
flag_uncapped_participation,1374128_000119312517292995,flag_uncapped_participation,yes,by-name,verified-present,1,247,1,1,quote present,
flag_uncapped_participation,1604950_000119312517316695,flag_uncapped_participation,yes,by-name,verified-present,1,281,1,1,quote present,
flag_uncapped_participation,1722271_000091205720000111,flag_uncapped_participation,yes,by-name,verified-present,1,285,1,1,quote present,
flag_uncapped_participation,319458_000143774924026112,flag_uncapped_participation,no,by-name,verified-present,1,158,1,1,quote present,
flag_uncapped_participation,1113481_000111348114000003,flag_uncapped_participation,no,by-name,verified-present,1,159,1,1,quote present,
flag_uncapped_participation,1200720_000104746904001493,flag_uncapped_participation,no,by-name,verified-present,1,166,1,1,quote present,
flag_uncapped_participation,1327811_000132781118000039,flag_uncapped_participation,no,by-name,verified-present,1,181,1,1,quote present,
flag_uncapped_participation,1344413_000089161805000914,flag_uncapped_participation,no,by-name,verified-present,1,172,1,1,quote present,
flag_uncapped_participation,1447599_000119312515209758,flag_uncapped_participation,no,by-name,verified-present,1,134,1,1,quote present,
flag_uncapped_participation,1053148_000095014401503351,flag_uncapped_participation,no,by-name,verified-present,1,161,1,1,quote present,
flag_uncapped_participation,1067837_000119312515255977,flag_uncapped_participation,no,by-name,verified-present,1,175,1,1,quote present,
flag_uncapped_participation,1119700_000114420405033377,flag_uncapped_participation,no,by-name,verified-present,1,198,1,1,quote present,
flag_missing_pro_rata,xcyte_waiver,flag_missing_pro_rata,True,by-content,verified-present,1,91,1,1,quote present,
flag_missing_pro_rata,rapid7_waiver,flag_missing_pro_rata,True,by-content,verified-present,1,41,1,1,quote present,
flag_missing_pro_rata,greenfield_grant,flag_missing_pro_rata,False,by-content,verified-present,1,96,1,1,quote present,
flag_missing_pro_rata,soshydration_grant,flag_missing_pro_rata,False,by-content,verified-present,1,69,1,1,quote present,
flag_internal_inconsistency,actelis_consistent,flag_internal_inconsistency,False,unresolved,not-checkable,2,48,,1,all 2 span(s) present,
flag_internal_inconsistency,castlebio_consistent,flag_internal_inconsistency,False,unresolved,not-checkable,2,48,,1,all 2 span(s) present,
flag_internal_inconsistency,castlebio_inconsistent,flag_internal_inconsistency,True,unresolved,not-checkable,2,48,,1,all 2 span(s) present,
flag_internal_inconsistency,hyrecar_inconsistent,flag_internal_inconsistency,True,unresolved,not-checkable,2,48,,1,all 2 span(s) present,
flag_internal_inconsistency,ignentertainment_inconsistent,flag_internal_inconsistency,True,unresolved,not-checkable,2,48,,1,all 2 span(s) present,
