leaf,item_id,field,annotator_answer,undeterminable,notes,minutes_spent
board_seats_investor,0001047469-03-010357_a2106288zex-4_8,board_seats_investor,,,,
board_seats_investor,0001047469-09-010296_a2195611zex-4_1,board_seats_investor,,,,
board_seats_investor,0001104659-17-048201_a17-18633_1ex10d6_pjc,board_seats_investor,,,,
board_seats_investor,0001104659-17-048201_a17-18633_1ex10d6_opal,board_seats_investor,,,,
board_seats_investor,0001193125-12-119900_d267119dex43_quantum,board_seats_investor,,,,
board_seats_investor,0001193125-12-119900_d267119dex43_tribal,board_seats_investor,,,,
board_seats_investor,0000950134-07-010103_d46152e8vk_mdp,board_seats_investor,,,,
board_seats_investor,0000950134-07-010103_d46152e8vk_mdp_old,board_seats_investor,,,,
board_seats_investor,0001437749-22-001514_ex_325546,board_seats_investor,,,,
cliff_present,0001503707-23-000002_ltipformfinalforedgar,cliff_present,,,,
cliff_present,0001558370-21-008713_giii-20210628x8k,cliff_present,,,,
cliff_present,0000790816-14-000054_bdn8k-annualawards_031414,cliff_present,,,,
cliff_present,0001144204-18-050119_tv502422_10k,cliff_present,,,,
cliff_present,0001299933-11-000951_htm_41195,cliff_present,,,,
cliff_present,0001104659-09-039164_a09-16464_1ex10d1,cliff_present,,,,
cliff_present,0001451809-24-000052_ex1034offerofemployment-sa,cliff_present,,,,
cliff_present,0001144204-15-053727_v419640_ex10-1,cliff_present,,,,
cliff_present,0001516513-23-000036_ex-107xcraigoverpeckofferl,cliff_present,,,,
cliff_present,0001299933-05-001251_exhibit2,cliff_present,,,,
cliff_present,0000020740-17-000006_a201610kex1012,cliff_present,,,,
cliff_present,0001104659-09-054183_a09-26145_18k,cliff_present,,,,
convert_vs_preference_decision,example4_convert,convert_vs_preference_decision,,,,
convert_vs_preference_decision,example5_take_preference,convert_vs_preference_decision,,,,
flag_internal_inconsistency,actelis_consistent,flag_internal_inconsistency,,,,
flag_internal_inconsistency,castlebio_consistent,flag_internal_inconsistency,,,,
flag_internal_inconsistency,castlebio_inconsistent,flag_internal_inconsistency,,,,
flag_internal_inconsistency,hyrecar_inconsistent,flag_internal_inconsistency,,,,
flag_internal_inconsistency,ignentertainment_inconsistent,flag_internal_inconsistency,,,,
form_d_fields,1456554_000145655410000002,form_d_field_value,,,,
form_d_fields,1549044_000154904412000001,form_d_field_value,,,,
fully_diluted_basis,actelis_ex,fully_diluted_basis,,,,
fully_diluted_basis,sybari_ex,fully_diluted_basis,,,,
fully_diluted_basis,emageon_ex,fully_diluted_basis,,,,
fully_diluted_basis,ignentertainment_ex,fully_diluted_basis,,,,
fully_diluted_basis,actelis_body,fully_diluted_basis,,,,
fully_diluted_basis,ignentertainment_body,fully_diluted_basis,,,,
fully_diluted_basis,hyrecar_body,fully_diluted_basis,,,,
fully_diluted_basis,castlebio_body,fully_diluted_basis,,,,
information_rights,0001193125-11-204682_dex402,information_rights,,,,
information_rights,0000950123-09-064388_f53797orexv4w2,information_rights,,,,
information_rights,0000950123-14-010038_filename6,information_rights,,,,
information_rights,0000950123-20-004953_filename4,information_rights,,,,
information_rights,0001628280-21-019876_exhibit102-sx1,information_rights,,,,
information_rights,0000950134-08-014307_f42787exv10w2,information_rights,,,,
information_rights,0001193125-06-212415_dex991,information_rights,,,,
information_rights,0001193125-07-042724_dex101,information_rights,,,,
information_rights,0000945841-07-000055_restrstockagreement,information_rights,,,,
information_rights,0001193125-15-060049_d836724dex1031,information_rights,,,,
information_rights,0000898173-20-000007_orly-20191231ex101926dba,information_rights,,,,
information_rights,0000950134-06-004765_c01111s1exv4w4,information_rights,,,,
investor_ownership_pct,uber_sb_cayman_investor,investor_ownership_pct,,,,
investor_ownership_pct,uber_benchmark_investor,investor_ownership_pct,,,,
investor_ownership_pct,uber_pif_investor,investor_ownership_pct,,,,
investor_ownership_pct,uber_alphabet_investor,investor_ownership_pct,,,,
liquidation_preference_multiple,1236997_000106299308001834,liquidation_preference_multiple,,,,
liquidation_preference_multiple,1283259_000149315225016953,liquidation_preference_multiple,,,,
liquidation_preference_multiple,1479290_000119312514020967,liquidation_preference_multiple,,,,
liquidation_preference_multiple,1538716_000119312519245313,liquidation_preference_multiple,,,,
liquidation_preference_multiple,1883085_000188308524000060,liquidation_preference_multiple,,,,
liquidation_preference_multiple,1904616_000121390023031361,liquidation_preference_multiple,,,,
liquidation_preference_multiple,1062195_000110465903012203,liquidation_preference_multiple,,,,
liquidation_preference_multiple,1274991_000119312510075918,liquidation_preference_multiple,,,,
liquidation_preference_multiple,1447362_000114036119009024,liquidation_preference_multiple,,,,
option_strike_409a,0001125282-06-006236_0p03,option_strike_409a,,,,
option_strike_409a,0001125282-06-006236_0p25,option_strike_409a,,,,
option_strike_409a,0001193125-11-194811_0p61,option_strike_409a,,,,
option_strike_409a,0001125282-06-006236_1p25,option_strike_409a,,,,
option_strike_409a,0001125282-06-007804_2p0,option_strike_409a,,,,
option_strike_409a,0001193125-11-194811_7p5,option_strike_409a,,,,
option_strike_409a,0001125282-06-006236_11p0,option_strike_409a,,,,
preference_seniority,1076103_000091476003000217,preference_seniority,,,,
preference_seniority,1341470_000119312509004895,preference_seniority,,,,
preference_seniority,1477449_000155837016008265,preference_seniority,,,,
preference_seniority,932699_000093269916000092,preference_seniority,,,,
preference_seniority,1092283_000119312505071414,preference_seniority,,,,
preference_seniority,1585521_000119312519083351,preference_seniority,,,,
preference_seniority,1113481_000111348114000003,preference_seniority,,,,
preference_seniority,1556898_000119312517274422,preference_seniority,,,,
preference_seniority,745788_000114420408016648,preference_seniority,,,,
preference_seniority,878720_000089843001500356,preference_seniority,,,,
preference_seniority,1123195_000112319502000020,preference_seniority,,,,
preference_stack_payout,series_a,preference_stack_payout,,,,
preference_stack_payout,series_b,preference_stack_payout,,,,
round_size,1260990,round_size,,,,
round_size,1498738,round_size,,,,
round_size,1597815,round_size,,,,
round_size,1981408,round_size,,,,
round_size,1436444,round_size,,,,
round_size,1887997,round_size,,,,
round_size,1601118,round_size,,,,
round_size,1520726,round_size,,,,
round_size,1651590,round_size,,,,
round_size,1880063,round_size,,,,
s1_use_of_proceeds,hyrecar,s1_use_of_proceeds,,,,
s1_use_of_proceeds,castlebio,s1_use_of_proceeds,,,,
s1_use_of_proceeds,axcella,s1_use_of_proceeds,,,,
s1_use_of_proceeds,veritone,s1_use_of_proceeds,,,,
s1_use_of_proceeds,civitas,s1_use_of_proceeds,,,,
safe_cap_vs_discount_applies,snm_discount_only,safe_cap_vs_discount_applies,,,,
safe_cap_vs_discount_applies,parker_both_mfn,safe_cap_vs_discount_applies,,,,
safe_cap_vs_discount_applies,sos_both_mfn,safe_cap_vs_discount_applies,,,,
safe_cap_vs_discount_applies,maison_both_mfn,safe_cap_vs_discount_applies,,,,
safe_cap_vs_discount_applies,rentberry_both_mfn,safe_cap_vs_discount_applies,,,,
safe_cap_vs_discount_applies,paxmedica_both_mfn,safe_cap_vs_discount_applies,,,,
safe_cap_vs_discount_applies,creci_both_mfn,safe_cap_vs_discount_applies,,,,
safe_cap_vs_discount_applies,complete_both_mfn,safe_cap_vs_discount_applies,,,,
safe_cap_vs_discount_applies,lomond_both_mfn,safe_cap_vs_discount_applies,,,,
safe_cap_vs_discount_applies,neo_aero_both_mfn,safe_cap_vs_discount_applies,,,,
safe_cap_vs_discount_applies,taoweave_both_mfn,safe_cap_vs_discount_applies,,,,
safe_cap_vs_discount_applies,gardedam_cap_only,safe_cap_vs_discount_applies,,,,
safe_cap_vs_discount_applies,flowhub_cap_only,safe_cap_vs_discount_applies,,,,
safe_pre_post,1821951_000121390022000982,safe_cap_type,,,,
safe_pre_post,1851491_000157587226000456,safe_cap_type,,,,
safe_pre_post,1386049_000109690621002893,safe_cap_type,,,,
safe_pre_post,1777274_000121390020033888,safe_cap_type,,,,
safe_pre_post,2084032_000121390026025748,safe_cap_type,,,,
safe_pre_post,1900520_000121390024095442,safe_cap_type,,,,
safe_pre_post,746210_000143774926019366,safe_cap_type,,,,
safe_pre_post,1811623_000110465922070160,safe_cap_type,,,,
safe_pre_post,1486452_000168316824001414,safe_cap_type,,,,
safe_pre_post,1937891_000149315226027213,safe_cap_type,,,,
safe_pre_post,2036444_000121390025123767,safe_cap_type,,,,
safe_pre_post,1657493_000121390021028831,safe_cap_type,,,,
safe_pre_post,1838987_000121390024014892,safe_cap_type,,,,
safe_pre_post,2010788_000149315224005725,safe_cap_type,,,,
safe_pre_post,837852_000110465921011524,safe_cap_type,,,,
safe_pre_post,1158780_000121390025023733,safe_cap_type,,,,
safe_valuation_cap,1657493_000121390021028831_cap,safe_valuation_cap,,,,
safe_valuation_cap,1486452_000168316824001414_cap,safe_valuation_cap,,,,
safe_valuation_cap,2036444_000121390025123767_cap,safe_valuation_cap,,,,
safe_valuation_cap,746210_000143774926019366_cap,safe_valuation_cap,,,,
safe_valuation_cap,1838987_000121390024014892_cap,safe_valuation_cap,,,,
safe_valuation_cap,1900520_000121390024095442_cap,safe_valuation_cap,,,,
safe_valuation_cap,2010788_000149315224005725_cap,safe_valuation_cap,,,,
safe_valuation_cap,1811623_000110465922070160_cap,safe_valuation_cap,,,,
securities_exemption,1102449,securities_exemption,,,,
securities_exemption,1260990,securities_exemption,,,,
securities_exemption,1444307,securities_exemption,,,,
securities_exemption,1498738,securities_exemption,,,,
securities_exemption,1597815,securities_exemption,,,,
securities_exemption,1795387,securities_exemption,,,,
securities_exemption,1804648,securities_exemption,,,,
securities_exemption,1902507,securities_exemption,,,,
securities_exemption,1947170,securities_exemption,,,,
securities_exemption,1981408,securities_exemption,,,,
vesting_schedule,1293310_000119312512306440,vesting_schedule,,,,
vesting_schedule,1452751_000119312513403444,vesting_schedule,,,,
vesting_schedule,1108271_000119312504159873,vesting_schedule,,,,
vesting_schedule,0001558370-21-008713_giii-20210628x8k,vesting_schedule,,,,
vesting_schedule,0001451809-24-000052_ex1034offerofemployment-sa,vesting_schedule,,,,
vesting_schedule,0001144204-15-053727_v419640_ex10-1,vesting_schedule,,,,
vesting_schedule,0001516513-23-000036_ex-107xcraigoverpeckofferl,vesting_schedule,,,,
vesting_schedule,0000020740-17-000006_a201610kex1012,vesting_schedule,,,,
vesting_schedule,0001104659-09-054183_a09-26145_18k,vesting_schedule,,,,
